NO.1,TrafficTempleBehind,"1,647,986.16",Not Sharing,Follow
NO.2,BrotherMediumThank,"1,497,384.11",Not Sharing,Follow
NO.3,WhatTasteWise,"1,408,150.33",Not Sharing,Follow
NO.4,Nicole,"1,346,026.47",Not Sharing,Follow
NO.5,DepartmentClassBack,"1,264,002.04",Not Sharing,Follow
NO.6,BirdBossAge,"1,234,527.71",Not Sharing,Follow
NO.7,CloseSuccessfulCheat,"1,224,550.45",Not Sharing,Follow
NO.8,MakeBedroomTime,"1,144,931.63",Not Sharing,Follow
NO.9,AllViolinCounty,"1,093,165.99",Not Sharing,Follow
NO.10,BakeryTotalBench,"980,446.62",Not Sharing,Follow
NO.11,CowboyCheatClose,"952,327.16",Not Sharing,Follow
NO.12,SurpriseGradeHand,"862,407.57",Not Sharing,Follow
NO.13,GardenHamburgerBalcony,"852,662.64",Not Sharing,Follow
NO.14,GiantBedroomCourse,"828,514.75",Not Sharing,Follow
NO.15,GreenMachineMinute,"819,310.37",Not Sharing,Follow
NO.16,ClassClassmateSwim,"785,604.05",Not Sharing,Follow
NO.17,UsefulCoatMake,"784,623.02",Not Sharing,Follow
NO.18,MarkHanna,"781,693.22",Not Sharing,Follow
NO.19,AngleWhyCook,"759,262.68",Not Sharing,Follow
NO.20,SuccessfulAppleWriter,"756,512.98",Not Sharing,Follow
NO.21,TwelveBeachAngel,"720,311.90",Not Sharing,Follow
NO.22,GhostCouchWaitress,"711,845.96",Not Sharing,Follow
NO.23,ThirteenThrowAnimal,"703,418.60",Not Sharing,Follow
NO.24,MinuteWatchTen,"702,548.95",Not Sharing,Follow
NO.25,MarriedUnhappyWaitress,"694,527.10",Not Sharing,Follow
NO.26,BadmintonChanceBook,"677,253.35",Not Sharing,Follow
NO.27,Jackcoke,"660,902.36",Not Sharing,Follow
NO.28,ComicAwayBedroom,"650,336.74",Not Sharing,Follow
NO.29,ThreeHandsomeHam,"647,099.08",Not Sharing,Follow
NO.30,AzazeL,"599,649.52",Sharing,Follow
NO.31,Eureka,"569,898.86",Not Sharing,Follow
NO.32,SureCircleTime,"562,262.51",Not Sharing,Follow
NO.33,HandsomeBothCent,"547,738.97",Not Sharing,Follow
NO.34,FutureTableHamburger,"545,487.98",Not Sharing,Follow
NO.35,ResonanceThis,"511,885.89",Not Sharing,Follow
NO.36,AllCheckTyphoon,"505,752.36",Not Sharing,Follow
NO.37,TrashBurnCut,"501,045.89",Not Sharing,Follow
NO.38,BalconyBoxTwelve,"497,771.40",Not Sharing,Follow
NO.39,WetAfraidApril,"493,341.80",Not Sharing,Follow
NO.40,CastleAirportClerk,"461,040.58",Not Sharing,Follow
NO.41,TimeUseMask,"460,414.84",Not Sharing,Follow
NO.42,BelowGlassesCowboy,"436,366.09",Not Sharing,Follow
NO.43,CarTouchWhether,"436,366.09",Not Sharing,Follow
NO.44,CaseTotalWrong,"432,905.88",Not Sharing,Follow
NO.45,UnderstandThursdayBuy,"423,538.69",Not Sharing,Follow
NO.46,SweetToyChange,"416,541.86",Not Sharing,Follow
NO.47,MarchSugarCentimeter,"406,058.34",Not Sharing,Follow
NO.48,NoPainNoGain,"400,235.83",Not Sharing,Follow
NO.49,CryTelevisionMean,"396,896.87",Not Sharing,Follow
NO.50,WellTwelveTelephone,"396,714.95",Not Sharing,Follow
NO.51,tydaddy,"391,395.77",Not Sharing,Follow
NO.52,MilkBorrowTenth,"390,597.10",Not Sharing,Follow
NO.53,StudySnowyBlow,"385,477.03",Not Sharing,Follow
NO.54,TwoCarefulRope,"365,614.45",Not Sharing,Follow
NO.55,ChickenCloseAppear,"360,987.67",Not Sharing,Follow
NO.56,WhatBornWriter,"350,712.42",Not Sharing,Follow
NO.57,TestMatterSun,"349,310.81",Not Sharing,Follow
NO.58,CoolAnswerBoth,"348,238.92",Not Sharing,Follow
NO.59,BirthdayRoseCountry,"347,346.22",Not Sharing,Follow
NO.60,CookieBookstoreToy,"347,129.25",Not Sharing,Follow
NO.61,VeryBelieveClock,"344,527.01",Not Sharing,Follow
NO.62,HourChannelSnap,"342,147.50",Not Sharing,Follow
NO.63,YardThoseCheap,"337,830.46",Not Sharing,Follow
NO.64,CarAwayDepartment,"337,348.65",Not Sharing,Follow
NO.65,CoinMamba,"330,024.76",Not Sharing,Follow
NO.66,BallClockCake,"325,294.00",Not Sharing,Follow
NO.67,WakeVestClose,"324,446.27",Not Sharing,Follow
NO.68,AgeChopsticksWet,"322,910.90",Not Sharing,Follow
NO.69,HamWalkCity,"321,382.04",Not Sharing,Follow
NO.70,SharkGameCount,"319,842.90",Not Sharing,Follow
NO.71,ClimbWaiterCake,"317,476.54",Not Sharing,Follow
NO.72,TownYardBottom,"308,660.44",Not Sharing,Follow
NO.73,TheRiceLlama,"296,831.19",Not Sharing,Follow
NO.74,CornerToastBut,"296,467.83",Not Sharing,Follow
NO.75,BornWorldBalcony,"296,031.45",Not Sharing,Follow
NO.76,UntilWellCow,"294,788.64",Not Sharing,Follow
NO.77,TrashBlanketMean,"291,693.55",Not Sharing,Follow
NO.78,洛洛2016,"290,910.72",Not Sharing,Follow
NO.79,TBM,"290,910.72",Not Sharing,Follow
NO.80,ResonanceHedge,"290,910.72",Not Sharing,Follow
NO.81,GradeDanceGroup,"290,560.91",Not Sharing,Follow
NO.82,AgeBehindTogether,"289,371.59",Not Sharing,Follow
NO.83,UnderStudyTheater,"287,147.17",Not Sharing,Follow
NO.84,TwentiethBiteBand,"276,188.83",Not Sharing,Follow
NO.85,AboveGroupAge,"275,245.18",Not Sharing,Follow
NO.86,BoyToastBrother,"274,744.82",Not Sharing,Follow
NO.87,ISAVARbt,"271,061.66",Not Sharing,Follow
NO.88,SobberMediumAnything,"269,645.32",Not Sharing,Follow
NO.89,MaskHalfCage,"268,919.54",Not Sharing,Follow
NO.90,CareSweaterWife,"268,030.32",Not Sharing,Follow
NO.91,Gatsby,"267,895.00",Not Sharing,Follow
NO.92,Minebuu,"263,008.37",Not Sharing,Follow
NO.93,BiteTrashWait,"261,821.98",Not Sharing,Follow
NO.94,TaxiAlsoThose,"260,390.23",Not Sharing,Follow
NO.95,CheeseWinterAirport,"258,885.15",Not Sharing,Follow
NO.96,BrotherHappyGuy,"258,346.55",Not Sharing,Follow
NO.97,CloseGiftMay,"255,038.94",Not Sharing,Follow
NO.98,ChickenTelephoneGuy,"253,092.33",Not Sharing,Follow
NO.99,WifeCircleTie,"252,202.07",Not Sharing,Follow
NO.100,WalletGrandmotherBug,"246,614.97",Not Sharing,Follow
NO.101,ButterBelowSky,"245,844.01",Not Sharing,Follow
NO.102,TenBurnWarm,"244,766.01",Not Sharing,Follow
NO.103,RoseHandVery,"244,125.70",Not Sharing,Follow
NO.104,ThirdSkyAppear,"240,654.34",Not Sharing,Follow
NO.105,tigerkhk,"240,405.53",Not Sharing,Follow
NO.106,TennisTotalTeacher,"239,223.67",Not Sharing,Follow
NO.107,GuessAirUse,"236,321.29",Not Sharing,Follow
NO.108,TrickSummerBoy,"235,701.69",Not Sharing,Follow
NO.109,Ponytail,"232,746.87",Not Sharing,Follow
NO.110,CareBreadAbout,"230,542.70",Not Sharing,Follow
NO.111,AnythingMarketBelow,"229,292.20",Not Sharing,Follow
NO.112,AngryWhale,"227,771.45",Not Sharing,Follow
NO.113,AcrossGuitarYellow,"223,688.91",Not Sharing,Follow
NO.114,GooseWinterMake,"220,743.06",Not Sharing,Follow
NO.115,TrainCandyBean,"220,262.38",Not Sharing,Follow
NO.116,SoccerWithWeekend,"218,431.23",Not Sharing,Follow
NO.117,VegetableApartmentAngel,"218,002.68",Not Sharing,Follow
NO.118,DanceGramWeekend,"217,970.68",Not Sharing,Follow
NO.119,CousinTenBecause,"211,974.47",Not Sharing,Follow
NO.120,SteveDogs,"208,565.29",Not Sharing,Follow
NO.121,TakeUsuallyBirthday,"207,540.56",Not Sharing,Follow
NO.122,Wodeyang,"206,531.87",Not Sharing,Follow
NO.123,SobberMarkTheater,"202,382.24",Not Sharing,Follow
NO.124,GameCowDark,"201,968.58",Not Sharing,Follow
NO.125,MedicineStupidTwelfth,"200,108.15",Not Sharing,Follow
NO.126,ProfRena,"199,582.21",Not Sharing,Follow
NO.127,TakeTodayAround,"198,158.08",Not Sharing,Follow
NO.128,GladBasketAirplane,"197,623.87",Not Sharing,Follow
NO.129,BowBusinessThrow,"195,557.07",Not Sharing,Follow
NO.130,DangerousMakeHang,"190,506.64",Not Sharing,Follow
NO.131,GiftCandleCoat,"189,204.46",Not Sharing,Follow
NO.132,TomatoSweaterTraffic,"187,948.55",Not Sharing,Follow
NO.133,CastleWinterCandle,"182,647.93",Not Sharing,Follow
NO.134,ToothComicWindow,"181,915.81",Not Sharing,Follow
NO.135,ChessMillionCheese,"179,887.30",Not Sharing,Follow
NO.136,MeanYesThousand,"179,178.03",Not Sharing,Follow
NO.137,WakeTheaterBeef,"178,685.29",Not Sharing,Follow
NO.138,CokeHappenTool,"178,144.09",Not Sharing,Follow
NO.139,BearSweaterYard,"176,451.24",Not Sharing,Follow
NO.140,DangerousBenchTurtle,"175,063.79",Not Sharing,Follow
NO.141,WindGlassChicken,"174,427.99",Not Sharing,Follow
NO.142,CentimeterChangeTomorrow,"170,130.60",Not Sharing,Follow
NO.143,SurpriseBelowGarden,"168,671.88",Not Sharing,Follow
NO.144,WorkerWiseWet,"167,767.82",Not Sharing,Follow
NO.145,BuildWaitBlue,"165,509.15",Not Sharing,Follow
NO.146,苟大鹅,"163,465.16",Sharing,Follow
NO.147,WalletDangerousMeeting,"163,068.63",Not Sharing,Follow
NO.148,YardArriveAir,"162,544.95",Not Sharing,Follow
NO.149,MathMindMedium,"162,281.64",Not Sharing,Follow
NO.150,SurfMaybeThursday,"160,093.59",Not Sharing,Follow
NO.151,AngleRopeGoodbye,"159,893.67",Not Sharing,Follow
NO.152,GrapeCombTomorrow,"158,975.15",Not Sharing,Follow
NO.153,blocbits,"158,463.75",Not Sharing,Follow
NO.154,BathroomTrashAnyone,"156,685.38",Not Sharing,Follow
NO.155,BiteHalfCut,"154,524.68",Not Sharing,Follow
NO.156,AirUnhappyChopsticks,"154,420.09",Not Sharing,Follow
NO.157,ToyVestCold,"153,219.63",Not Sharing,Follow
NO.158,CowWeekendTennis,"151,377.87",Not Sharing,Follow
NO.159,GoodGiantHandsome,"148,855.20",Not Sharing,Follow
NO.160,BecauseDangerousVisit,"148,404.44",Not Sharing,Follow
NO.161,TrickSurprisedDear,"148,363.98",Not Sharing,Follow
NO.162,AnythingBusAfraid,"147,859.86",Not Sharing,Follow
NO.163,BornBossTomorrow,"147,221.19",Not Sharing,Follow
NO.164,DoctorKEZ,"146,348.19",Not Sharing,Follow
NO.165,ClassCardThroat,"146,209.34",Not Sharing,Follow
NO.166,Nake,"145,408.01",Not Sharing,Follow
NO.167,MilkTapeTie,"144,033.10",Not Sharing,Follow
NO.168,BakeryBedCard,"143,109.65",Not Sharing,Follow
NO.169,AnswerUntilClassroom,"141,797.50",Not Sharing,Follow
NO.170,Woofeliwow,"140,576.13",Not Sharing,Follow
NO.171,WarmWestBlind,"140,338.24",Not Sharing,Follow
NO.172,ThisWithoutCowboy,"139,524.08",Not Sharing,Follow
NO.173,MindUmbrellaBean,"139,465.81",Not Sharing,Follow
NO.174,MarriedSwimThirsty,"139,058.47",Not Sharing,Follow
NO.175,BelongMathUncle,"138,690.33",Not Sharing,Follow
NO.176,BlueGuitarTraffic,"138,206.98",Not Sharing,Follow
NO.177,BabyGladCamera,"137,002.81",Not Sharing,Follow
NO.178,MeetingClassmateTogether,"136,702.76",Not Sharing,Follow
NO.179,TenthSurprisedChalk,"136,471.87",Not Sharing,Follow
NO.180,GradeSurpriseWithout,"135,810.59",Not Sharing,Follow
NO.181,AbroadStupidFuture,"135,778.80",Not Sharing,Follow
NO.182,ComputerCookieActress,"133,971.10",Not Sharing,Follow
NO.183,WindowGroundWhose,"133,895.55",Not Sharing,Follow
NO.184,ThankCandyThree,"133,265.96",Not Sharing,Follow
NO.185,GardenMadCap,"132,579.23",Not Sharing,Follow
NO.186,DangerousWonderfulBelieve,"132,521.11",Not Sharing,Follow
NO.187,DEFIKING,"132,344.06",Not Sharing,Follow
NO.188,BunMeanCute,"132,341.48",Not Sharing,Follow
NO.189,ClapWifeAngry,"131,691.39",Not Sharing,Follow
NO.190,WaitressCapMask,"131,109.77",Not Sharing,Follow
NO.191,TurkeyWishGray,"129,963.68",Not Sharing,Follow
NO.192,BigBlindBurn,"129,759.60",Not Sharing,Follow
NO.193,DaySunnyTenth,"129,726.15",Not Sharing,Follow
NO.194,RookieXBT,"125,622.71",Not Sharing,Follow
NO.195,CityToolTowel,"124,953.08",Not Sharing,Follow
NO.196,WhaleChocolateTeacher,"124,925.01",Not Sharing,Follow
NO.197,HangClapCatch,"123,448.67",Not Sharing,Follow
NO.198,FutureBiteTwelve,"122,953.17",Not Sharing,Follow
NO.199,AlsoGameAble,"122,601.18",Not Sharing,Follow
NO.200,BedBlowMeat,"122,223.38",Not Sharing,Follow
NO.201,ThousandWillBelieve,"122,041.07",Not Sharing,Follow
NO.202,CenterTwelveBig,"121,090.52",Not Sharing,Follow
NO.203,UsuallySweetTrash,"120,392.79",Not Sharing,Follow
NO.204,BasketMeatTraffic,"119,810.80",Not Sharing,Follow
NO.205,WinBoredAngry,"119,783.76",Not Sharing,Follow
NO.206,1nsider,"118,596.70",Sharing,Follow
NO.207,ToeCageChalk,"118,066.39",Not Sharing,Follow
NO.208,JebacBiede,"117,792.48",Sharing,Follow
NO.209,BlanketViolinBusiness,"117,487.64",Not Sharing,Follow
NO.210,TypeBirthdayCloudy,"117,459.14",Not Sharing,Follow
NO.211,TwentiethBunCookie,"116,364.29",Not Sharing,Follow
NO.212,TasteBathCareful,"116,156.20",Not Sharing,Follow
NO.213,CrossWindThousand,"115,891.87",Not Sharing,Follow
NO.214,GroupBrightTraffic,"115,747.66",Not Sharing,Follow
NO.215,AroundSurprisedGame,"115,628.79",Not Sharing,Follow
NO.216,CloseCorrectDozen,"115,599.19",Not Sharing,Follow
NO.217,Ceremore,"114,762.76",Not Sharing,Follow
NO.218,WifeTyphoonWord,"114,375.22",Not Sharing,Follow
NO.219,GloveWarmBasket,"114,230.23",Not Sharing,Follow
NO.220,TurtleButterflyUse,"113,566.30",Not Sharing,Follow
NO.221,Pearlfund,"112,684.32",Not Sharing,Follow
NO.222,DateTooBottle,"112,655.25",Not Sharing,Follow
NO.223,SkirtTiredBite,"110,805.26",Not Sharing,Follow
NO.224,ThoughTeamTwelfth,"109,202.85",Not Sharing,Follow
NO.225,CoverThirstyBear,"108,551.51",Not Sharing,Follow
NO.226,NaPoleonX,"108,206.08",Not Sharing,Follow
NO.227,LikeApython,"107,521.75",Not Sharing,Follow
NO.228,ThousandWithWell,"107,204.62",Not Sharing,Follow
NO.229,GiantAheadCommon,"107,105.41",Not Sharing,Follow
NO.230,BottleWaitressWrong,"105,822.61",Not Sharing,Follow
NO.231,WhoseClickAround,"104,447.51",Not Sharing,Follow
NO.232,GasAbleSurf,"102,919.62",Not Sharing,Follow
NO.233,CelebrateAnyoneCut,"102,854.26",Not Sharing,Follow
NO.234,WonderfulBrownSheep,"102,607.01",Not Sharing,Follow
NO.235,BetweenAgoWin,"102,549.40",Not Sharing,Follow
NO.236,SwingBlockWarm,"102,445.26",Not Sharing,Follow
NO.237,CheapGroundChange,"102,061.08",Not Sharing,Follow
NO.238,WhichBirdBear,"101,764.98",Not Sharing,Follow
NO.239,ThoughWaiterCross,"101,644.10",Not Sharing,Follow
NO.240,SharkTouchThrow,"101,585.09",Not Sharing,Follow
NO.241,HappenGardenBottle,"101,511.08",Not Sharing,Follow
NO.242,ChristmasBottomHabit,"101,137.63",Not Sharing,Follow
NO.243,SurpriseMagicArm,"100,941.91",Not Sharing,Follow
NO.244,BenchBellBehind,"100,796.00",Not Sharing,Follow
NO.245,GoatThroatVideo,"100,333.03",Not Sharing,Follow
NO.246,AfternoonWhaleCook,"100,276.61",Not Sharing,Follow
NO.247,BringHabitCake,"99,745.54",Not Sharing,Follow
NO.248,CarryMaybeUseful,"99,481.21",Not Sharing,Follow
NO.249,GoatUnhappyBadminton,"98,226.07",Not Sharing,Follow
NO.250,WashMatterTaxi,"97,955.45",Not Sharing,Follow
NO.251,AgreeWeekendYellow,"97,281.89",Not Sharing,Follow
NO.252,BurnGrayTired,"96,742.20",Not Sharing,Follow
NO.253,CakeSocksBedroom,"96,584.25",Not Sharing,Follow
NO.254,BasketballCupActress,"96,394.94",Not Sharing,Follow
NO.255,DeliciousWordCar,"96,310.27",Not Sharing,Follow
NO.256,BedMarkerGuitar,"94,838.52",Not Sharing,Follow
NO.257,BiteAgainBreakfast,"94,824.20",Not Sharing,Follow
NO.258,ABCDEFGHIJ,"94,505.41",Not Sharing,Follow
NO.259,ConvenientButterSunny,"93,991.55",Not Sharing,Follow
NO.260,TrickCatchWhen,"93,633.76",Not Sharing,Follow
NO.261,WiseRoundGiant,"93,436.22",Not Sharing,Follow
NO.262,WhichGladSummer,"93,246.98",Not Sharing,Follow
NO.263,gogo,"93,128.60",Not Sharing,Follow
NO.264,BreakCombGrow,"91,707.03",Not Sharing,Follow
NO.265,Nextgeneration,"91,295.74",Sharing,Follow
NO.266,StayThirteenConvenient,"91,204.67",Not Sharing,Follow
NO.267,CheeseAirplaneGuava,"90,671.16",Not Sharing,Follow
NO.268,WhiteCarefulWonderful,"89,949.89",Not Sharing,Follow
NO.269,CallBornWord,"88,872.53",Not Sharing,Follow
NO.270,ArriveClubChopsticks,"88,743.67",Not Sharing,Follow
NO.271,CaseGardenLucky,"87,776.15",Not Sharing,Follow
NO.272,BookTrafficWelcome,"87,675.55",Not Sharing,Follow
NO.273,WhenFutureTennis,"86,799.54",Not Sharing,Follow
NO.274,modu,"86,476.30",Not Sharing,Follow
NO.275,WorkTenex,"86,368.59",Not Sharing,Follow
NO.276,BridgeCookieBaby,"85,715.35",Not Sharing,Follow
NO.277,UsuallyWeekendSun,"85,678.27",Not Sharing,Follow
NO.278,BeginAgainBeef,"84,479.39",Not Sharing,Follow
NO.279,CountBusyClimb,"84,041.85",Not Sharing,Follow
NO.280,TowelBaseballBlanket,"83,757.22",Not Sharing,Follow
NO.281,UmbrellaWriteWord,"82,936.67",Not Sharing,Follow
NO.282,TogetherAbleGym,"82,849.87",Not Sharing,Follow
NO.283,TouchTypeYellow,"82,604.28",Not Sharing,Follow
NO.284,TrickySituation,"82,573.92",Not Sharing,Follow
NO.285,NextGenerationE,"82,231.79",Sharing,Follow
NO.286,WorkButterCage,"82,079.98",Not Sharing,Follow
NO.287,TellBusTogether,"81,703.68",Not Sharing,Follow
NO.288,CenterTomatoWoman,"81,329.69",Not Sharing,Follow
NO.289,ClassmateWallChair,"80,838.46",Not Sharing,Follow
NO.290,SheHandWife,"80,718.12",Not Sharing,Follow
NO.291,GoldenCalzone,"80,664.86",Sharing,Follow
NO.292,CenterToolDear,"80,123.06",Not Sharing,Follow
NO.293,MealGoodTyphoon,"79,806.87",Not Sharing,Follow
NO.294,ClearWhetherTidy,"79,523.82",Not Sharing,Follow
NO.295,BrushBugTall,"79,236.79",Not Sharing,Follow
NO.296,WomanUsuallyWonderful,"79,201.35",Not Sharing,Follow
NO.297,GladTakeTool,"79,106.61",Not Sharing,Follow
NO.298,BehindWhatBottle,"79,102.36",Not Sharing,Follow
NO.299,BadmintonTodayWorry,"79,055.38",Not Sharing,Follow
NO.300,ViolinTwoWindy,"79,002.18",Not Sharing,Follow
NO.301,GiftHangWest,"78,760.79",Not Sharing,Follow
NO.302,YellowTellSnowy,"78,726.26",Not Sharing,Follow
NO.303,ShareAfraidBright,"78,709.19",Not Sharing,Follow
NO.304,BasedDepartment,"78,603.11",Not Sharing,Follow
NO.305,AnotherVestCook,"78,543.07",Not Sharing,Follow
NO.306,MindGetYes,"78,363.90",Not Sharing,Follow
NO.307,TurkeyBandCount,"78,291.41",Not Sharing,Follow
NO.308,MagicGroupSheep,"78,242.85",Not Sharing,Follow
NO.309,CopyBlowWorker,"78,096.84",Not Sharing,Follow
NO.310,BesideWindyCut,"78,006.85",Not Sharing,Follow
NO.311,UpCellUntil,"77,949.37",Not Sharing,Follow
NO.312,DanceChairCheer,"77,918.32",Not Sharing,Follow
NO.313,BowMinuteConvenient,"77,820.14",Not Sharing,Follow
NO.314,fgdfgf,"77,809.58",Not Sharing,Follow
NO.315,CryptoMillion,"77,610.93",Not Sharing,Follow
NO.316,DozenWashTemple,"77,360.90",Not Sharing,Follow
NO.317,TenAirportBat,"77,226.59",Not Sharing,Follow
NO.318,BusBusinessmanClub,"77,135.66",Not Sharing,Follow
NO.319,WrongTieWhite,"77,036.45",Not Sharing,Follow
NO.320,LordVahalla,"76,979.26",Not Sharing,Follow
NO.321,GoodbyeBunAble,"76,876.94",Not Sharing,Follow
NO.322,GasThanGrade,"76,556.40",Not Sharing,Follow
NO.323,ThirteenthTreeTeach,"76,245.55",Not Sharing,Follow
NO.324,BugBellMedicine,"76,054.25",Not Sharing,Follow
NO.325,DentistTreatTwentieth,"75,755.73",Not Sharing,Follow
NO.326,GameButBake,"75,583.94",Not Sharing,Follow
NO.327,SobberCoffeeCheap,"75,511.60",Not Sharing,Follow
NO.328,BrownWinGarden,"75,495.67",Not Sharing,Follow
NO.329,ThirtyAlwaysCookie,"75,474.27",Not Sharing,Follow
NO.330,BiteUsefulBelow,"75,234.93",Not Sharing,Follow
NO.331,DeliciousBirthdayMake,"75,208.83",Not Sharing,Follow
NO.332,WhatCareBehind,"75,208.68",Not Sharing,Follow
NO.333,AirportGateBookstore,"75,159.15",Not Sharing,Follow
NO.334,SunnyRoseCare,"75,115.40",Not Sharing,Follow
NO.335,BearThirstyBasketball,"74,942.01",Not Sharing,Follow
NO.336,CourseToolCare,"74,670.39",Not Sharing,Follow
NO.337,GiantMindCar,"74,622.77",Not Sharing,Follow
NO.338,WindyHappenDance,"74,486.38",Not Sharing,Follow
NO.339,AirportGuavaMeet,"74,440.06",Not Sharing,Follow
NO.340,WhiteGameBridge,"74,271.13",Not Sharing,Follow
NO.341,CandleGradeVegetable,"74,046.77",Not Sharing,Follow
NO.342,CalvinKlein96,"73,953.64",Sharing,Follow
NO.343,CheerSkirtTen,"73,895.34",Not Sharing,Follow
NO.344,TiredBusinessAfter,"73,834.94",Not Sharing,Follow
NO.345,TrashWhereSun,"73,529.95",Not Sharing,Follow
NO.346,BasketWalkMillion,"73,505.45",Not Sharing,Follow
NO.347,BusyComfortableStay,"73,392.06",Not Sharing,Follow
NO.348,VegetableMealCold,"72,782.39",Not Sharing,Follow
NO.349,CrazyThoughGym,"72,624.31",Not Sharing,Follow
NO.350,AirportCombWhale,"71,836.73",Not Sharing,Follow
NO.351,ThoughWhyWoman,"71,674.89",Not Sharing,Follow
NO.352,BankTurnTemple,"71,637.85",Not Sharing,Follow
NO.353,ClearWelcomeToday,"71,555.05",Not Sharing,Follow
NO.354,ThoseWithWhite,"71,303.41",Not Sharing,Follow
NO.355,CalvinKlein69,"71,117.72",Sharing,Follow
NO.356,ComfortableBasketballAnything,"70,934.53",Not Sharing,Follow
NO.357,WorkbookBorrowAfter,"70,915.64",Not Sharing,Follow
NO.358,MillionUpColor,"70,804.28",Not Sharing,Follow
NO.359,BossClerkTotal,"70,563.24",Not Sharing,Follow
NO.360,Castelmola,"70,270.89",Sharing,Follow
NO.361,GarbageBuildTerrible,"70,120.52",Not Sharing,Follow
NO.362,MeanMadThousand,"69,952.54",Not Sharing,Follow
NO.363,kortheking,"69,700.27",Not Sharing,Follow
NO.364,GroundHangTall,"69,645.95",Not Sharing,Follow
NO.365,AnswerThursdayWindow,"69,616.99",Not Sharing,Follow
NO.366,VestCheerMan,"69,588.75",Not Sharing,Follow
NO.367,WetWorkerBun,"69,440.92",Not Sharing,Follow
NO.368,WalkWrongTrip,"69,407.26",Not Sharing,Follow
NO.369,UmbrellaBirdDecember,"69,406.37",Not Sharing,Follow
NO.370,市场的小学生,"69,222.68",Not Sharing,Follow
NO.371,MediumManySun,"69,219.30",Not Sharing,Follow
NO.372,CameraWriteDance,"69,170.62",Not Sharing,Follow
NO.373,ThirteenBlockBelt,"69,105.00",Not Sharing,Follow
NO.374,MadBreadCloudy,"68,911.78",Not Sharing,Follow
NO.375,GetBasketballMatter,"68,829.48",Not Sharing,Follow
NO.376,GreatTaxiBusy,"68,749.21",Not Sharing,Follow
NO.377,WakeBananaTie,"68,681.74",Not Sharing,Follow
NO.378,CornerCageBottle,"68,464.87",Not Sharing,Follow
NO.379,HappenTelephoneWhy,"68,382.67",Not Sharing,Follow
NO.380,MarkerBoilAbroad,"67,933.37",Not Sharing,Follow
NO.381,TwoBedThough,"67,905.30",Not Sharing,Follow
NO.382,BeHairViolin,"67,844.90",Sharing,Follow
NO.383,BoatTomorrowCorrect,"67,806.26",Not Sharing,Follow
NO.384,CheckmateMP,"67,738.80",Not Sharing,Follow
NO.385,AbleTooWatch,"67,715.77",Not Sharing,Follow
NO.386,TelephoneWhereCamera,"67,577.24",Not Sharing,Follow
NO.387,BrotherWelcomeMan,"67,383.68",Not Sharing,Follow
NO.388,ApartmentYesComfortable,"67,039.22",Not Sharing,Follow
NO.389,TowelMenuHam,"66,912.23",Not Sharing,Follow
NO.390,CookieCheatCheck,"66,735.69",Not Sharing,Follow
NO.391,DIORcapital,"66,724.30",Not Sharing,Follow
NO.392,MaskWorldTail,"66,714.14",Not Sharing,Follow
NO.393,WarmThirteenthChopsticks,"66,702.92",Not Sharing,Follow
NO.394,SoccerSharkTea,"66,202.66",Not Sharing,Follow
NO.395,BeeWithMail,"66,177.78",Not Sharing,Follow
NO.396,WishSheCheap,"65,895.61",Not Sharing,Follow
NO.397,ChessGoatGrow,"65,769.47",Not Sharing,Follow
NO.398,CuteChairCheese,"65,744.89",Not Sharing,Follow
NO.399,ButterTenthMarker,"65,674.56",Not Sharing,Follow
NO.400,CouchUmbrellaAbove,"65,417.49",Not Sharing,Follow
NO.401,DearTwentiethSurf,"64,784.36",Not Sharing,Follow
NO.402,GrandmotherTeachAirplane,"64,779.65",Not Sharing,Follow
NO.403,BeeWeekendWhen,"64,532.00",Not Sharing,Follow
NO.404,MeetBoringAnyone,"64,507.25",Not Sharing,Follow
NO.405,CorrectBeginAble,"64,333.72",Not Sharing,Follow
NO.406,ClockWestWoman,"64,278.92",Not Sharing,Follow
NO.407,SMH,"64,113.91",Not Sharing,Follow
NO.408,SkirtWantCrazy,"64,071.75",Not Sharing,Follow
NO.409,MaybeVisitYes,"64,067.40",Not Sharing,Follow
NO.410,SkirtCellTidy,"64,000.36",Not Sharing,Follow
NO.411,MatTrainBug,"63,725.05",Not Sharing,Follow
NO.412,UniformAnotherToast,"63,521.83",Not Sharing,Follow
NO.413,GroupCookieMap,"63,383.82",Not Sharing,Follow
NO.414,mynamejeff,"63,110.22",Not Sharing,Follow
NO.415,WalletBottleTeacher,"62,938.33",Not Sharing,Follow
NO.416,GoodTooTowel,"62,866.22",Not Sharing,Follow
NO.417,BeautifulChooseHand,"62,786.63",Not Sharing,Follow
NO.418,ClearTaxiBridge,"62,436.20",Not Sharing,Follow
NO.419,WhichBasketballBrown,"62,435.58",Not Sharing,Follow
NO.420,WhichMaskCelebrate,"62,325.70",Not Sharing,Follow
NO.421,GlueManyBoat,"62,051.97",Not Sharing,Follow
NO.422,ApartmentCouchThan,"62,020.80",Not Sharing,Follow
NO.423,DanielDz,"61,817.66",Not Sharing,Follow
NO.424,DepartmentSheepShark,"61,559.37",Not Sharing,Follow
NO.425,TenBrotherUp,"61,475.76",Not Sharing,Follow
NO.426,ChildThirstyGrandfather,"61,429.23",Not Sharing,Follow
NO.427,MillionCarToy,"61,091.25",Not Sharing,Follow
NO.428,ClassroomTapeWash,"60,868.90",Not Sharing,Follow
NO.429,WatchSheepTooth,"60,769.02",Not Sharing,Follow
NO.430,GradeSwingAbout,"60,760.63",Not Sharing,Follow
NO.431,WorldCountTeenager,"60,744.67",Not Sharing,Follow
NO.432,Allanlesang,"60,714.11",Not Sharing,Follow
NO.433,HandWeekendTown,"60,682.64",Not Sharing,Follow
NO.434,CoatMailThursday,"60,468.30",Not Sharing,Follow
NO.435,AlreadyWellGreat,"60,321.83",Not Sharing,Follow
NO.436,JucheWay,"60,293.53",Not Sharing,Follow
NO.437,AngleVacationSubject,"60,149.78",Not Sharing,Follow
NO.438,BeefGladBee,"60,028.33",Not Sharing,Follow
NO.439,TurkeyBookCat,"59,866.44",Not Sharing,Follow
NO.440,MedicineCuteChance,"59,735.48",Not Sharing,Follow
NO.441,GameMaybeTop,"59,602.95",Not Sharing,Follow
NO.442,TwoCupTiger,"59,297.02",Not Sharing,Follow
NO.443,DearBeforeCollect,"58,941.94",Not Sharing,Follow
NO.444,WhatBelongChance,"58,939.62",Not Sharing,Follow
NO.445,TurkeyCombTable,"58,809.84",Not Sharing,Follow
NO.446,GrandfatherChickenCounty,"58,525.95",Not Sharing,Follow
NO.447,BeBreadClose,"58,477.00",Not Sharing,Follow
NO.448,WellDaySurprise,"58,453.37",Not Sharing,Follow
NO.449,CookieGooseArrive,"58,326.44",Not Sharing,Follow
NO.450,Ze1y02,"58,208.96",Not Sharing,Follow
NO.451,ViolinCountyGift,"58,182.14",Not Sharing,Follow
NO.452,MaybeMeetAge,"58,117.78",Not Sharing,Follow
NO.453,BedroomVoiceClick,"57,912.87",Not Sharing,Follow
NO.454,DarkButterflyHang,"57,764.88",Not Sharing,Follow
NO.455,BeyondTheMoonFun,"57,333.54",Not Sharing,Follow
NO.456,MaskBusyChocolate,"57,096.14",Not Sharing,Follow
NO.457,GirlTomorrowWake,"56,621.70",Not Sharing,Follow
NO.458,MaskTeachGet,"56,586.50",Not Sharing,Follow
NO.459,CheerComeAir,"56,530.89",Not Sharing,Follow
NO.460,TooThoseCoke,"56,208.41",Not Sharing,Follow
NO.461,ButterBusinessmanTwentieth,"56,129.17",Not Sharing,Follow
NO.462,ClothesBelowHappy,"56,093.01",Not Sharing,Follow
NO.463,TakeTrafficWoman,"55,824.47",Not Sharing,Follow
NO.464,MeatMilkWhether,"55,813.72",Not Sharing,Follow
NO.465,AppleBeautifulBefore,"55,573.07",Not Sharing,Follow
NO.466,WakeCostDozen,"55,549.24",Not Sharing,Follow
NO.467,DateBathTime,"55,369.03",Not Sharing,Follow
NO.468,BelowHairGarbage,"55,365.28",Not Sharing,Follow
NO.469,RopeThoseBelt,"55,355.78",Not Sharing,Follow
NO.470,BookstoreTigerYes,"55,296.99",Not Sharing,Follow
NO.471,AngryMeatTool,"55,214.02",Not Sharing,Follow
NO.472,BallMediumMenu,"55,133.49",Not Sharing,Follow
NO.473,CowboyTaxiVacation,"55,093.93",Not Sharing,Follow
NO.474,UnhappyTaxiWake,"55,091.07",Not Sharing,Follow
NO.475,CouchTwelfthTake,"55,035.80",Not Sharing,Follow
NO.476,GooseBalconyDance,"55,017.92",Not Sharing,Follow
NO.477,CousinBottomDozen,"55,004.35",Not Sharing,Follow
NO.478,TailAngryDelicious,"54,984.24",Not Sharing,Follow
NO.479,BreakComputerYellow,"54,959.68",Not Sharing,Follow
NO.480,HangTailMillion,"54,836.53",Not Sharing,Follow
NO.481,WorkerAirplaneWriter,"54,796.98",Not Sharing,Follow
NO.482,TeenagerBowSweater,"54,793.63",Not Sharing,Follow
NO.483,SunkBecauseMail,"54,633.79",Not Sharing,Follow
NO.484,MahatmaGandhi,"54,297.53",Not Sharing,Follow
NO.485,VestChairWithout,"54,180.86",Not Sharing,Follow
NO.486,Kyd,"53,955.92",Not Sharing,Follow
NO.487,DaughterChickenChance,"53,954.39",Not Sharing,Follow
NO.488,Sheep,"53,884.94",Not Sharing,Follow
NO.489,DecemberMarkComic,"53,852.85",Not Sharing,Follow
NO.490,StudyWeekendBoat,"53,762.22",Not Sharing,Follow
NO.491,MeetingBrushButterfly,"53,560.72",Not Sharing,Follow
NO.492,AlwaysBodyWindy,"53,357.39",Not Sharing,Follow
NO.493,GardenBreakAnimal,"53,324.73",Not Sharing,Follow
NO.494,MediumMeanCheat,"53,239.52",Not Sharing,Follow
NO.495,CD歪嘴战神Vigour,"53,236.00",Not Sharing,Follow
NO.496,BandCloseWhich,"53,172.02",Not Sharing,Follow
NO.497,BuildClassmateTeenager,"53,104.52",Not Sharing,Follow
NO.498,gaga,"52,974.82",Sharing,Follow
NO.499,CountStupidDaughter,"52,935.33",Not Sharing,Follow
NO.500,BecomeSocksWhale,"52,730.60",Not Sharing,Follow
