NO.1,WaitressWaterThousand,"1,694.7394%",Not Sharing,Follow
NO.2,WaterWaitArm,"1,055.1364%",Not Sharing,Follow
NO.3,SocksWonderfulGoose,932.8094%,Not Sharing,Follow
NO.4,BugWallWhen,885.5204%,Not Sharing,Follow
NO.5,AboutAprilCage,868.8043%,Not Sharing,Follow
NO.6,CookieUmbrellaBowl,764.8665%,Not Sharing,Follow
NO.7,CarHallowClose,638.3207%,Not Sharing,Follow
NO.8,HairWallCookie,636.1125%,Not Sharing,Follow
NO.9,TowelMealGlad,597.9805%,Not Sharing,Follow
NO.10,AngleWashGet,571.9896%,Not Sharing,Follow
NO.11,ClassmateAprilHamburger,454.9722%,Not Sharing,Follow
NO.12,WindowWhoseTomato,454.0830%,Not Sharing,Follow
NO.13,CircleAlreadyMarket,451.0822%,Not Sharing,Follow
NO.14,AlongGymChoose,437.6020%,Not Sharing,Follow
NO.15,Aranei,392.2473%,Not Sharing,Follow
NO.16,WeekendBankTouch,341.5867%,Not Sharing,Follow
NO.17,GiveMeFishPlease,316.7177%,Not Sharing,Follow
NO.18,BorrowWarmShark,310.6461%,Not Sharing,Follow
NO.19,CheatComfortableBoat,295.8216%,Not Sharing,Follow
NO.20,Aaronmeow,282.5581%,Not Sharing,Follow
NO.21,FutureAprilWish,282.1338%,Not Sharing,Follow
NO.22,StupidViolinThirsty,275.8211%,Not Sharing,Follow
NO.23,CellDepartmentBring,251.6792%,Not Sharing,Follow
NO.24,BackWhichButterfly,243.2998%,Not Sharing,Follow
NO.25,BelowAirportBookstore,240.9401%,Not Sharing,Follow
NO.26,UnderGameTeenager,239.7851%,Not Sharing,Follow
NO.27,VisitAnotherBoy,233.2058%,Not Sharing,Follow
NO.28,RopeWhiteWallet,225.3214%,Not Sharing,Follow
NO.29,AngryAcrossTidy,223.2761%,Not Sharing,Follow
NO.30,WriteGrapeTurtle,220.8448%,Not Sharing,Follow
NO.31,千夜流,209.5382%,Not Sharing,Follow
NO.32,WalkTeamAirport,205.1087%,Not Sharing,Follow
NO.33,TimeShareBean,204.1106%,Not Sharing,Follow
NO.34,CarefulTrainThank,203.9345%,Not Sharing,Follow
NO.35,WindyTypeTest,199.5202%,Not Sharing,Follow
NO.36,ColdSubjectTelevision,197.0321%,Not Sharing,Follow
NO.37,ClassroomWakeLucky,196.5993%,Not Sharing,Follow
NO.38,MathManBetween,195.3022%,Not Sharing,Follow
NO.39,WhichAngryWonderful,195.2266%,Not Sharing,Follow
NO.40,TeenagerWalletBeach,188.1491%,Not Sharing,Follow
NO.41,WorldComputerCost,187.4549%,Not Sharing,Follow
NO.42,BeachTelevisionTape,186.9773%,Not Sharing,Follow
NO.43,GreatTakeCouch,186.0098%,Not Sharing,Follow
NO.44,ButterflyWhaleCowboy,184.9019%,Not Sharing,Follow
NO.45,MeanCarBear,182.9420%,Not Sharing,Follow
NO.46,WaitressAcrossBorn,180.4974%,Not Sharing,Follow
NO.47,AboveClothesMenu,178.2012%,Not Sharing,Follow
NO.48,BorrowBeeBottom,176.4470%,Not Sharing,Follow
NO.49,TailTidyVegetable,172.3845%,Not Sharing,Follow
NO.50,TopAlreadyWash,171.5134%,Not Sharing,Follow
NO.51,TestButterflyWash,170.1932%,Not Sharing,Follow
NO.52,BoredCellSweet,169.4809%,Not Sharing,Follow
NO.53,VestComicMeal,168.2924%,Not Sharing,Follow
NO.54,TodayBasketWalk,166.9448%,Not Sharing,Follow
NO.55,DarkCowboyDear,166.5147%,Not Sharing,Follow
NO.56,DentistMeetingBakery,161.3392%,Not Sharing,Follow
NO.57,CrossGoodComfortable,160.8255%,Not Sharing,Follow
NO.58,TasteGameCoffee,160.0959%,Not Sharing,Follow
NO.59,ChopsticksChocolateTwelve,159.7284%,Not Sharing,Follow
NO.60,ApartmentCowAbout,157.3662%,Not Sharing,Follow
NO.61,AllTodayCross,155.3632%,Not Sharing,Follow
NO.62,SobberThisCounty,154.8867%,Not Sharing,Follow
NO.63,WorkbookGooseChristmas,154.2162%,Not Sharing,Follow
NO.64,CheeseClassmateBalcony,151.7881%,Not Sharing,Follow
NO.65,WellTwelveTelephone,151.0828%,Not Sharing,Follow
NO.66,TalkClimbAlso,148.4530%,Not Sharing,Follow
NO.67,HamburgerStudyStupid,147.8430%,Not Sharing,Follow
NO.68,长腿宝宝,146.1879%,Sharing,Follow
NO.69,andoralee,145.6931%,Not Sharing,Follow
NO.70,LeTech,142.8843%,Not Sharing,Follow
NO.71,ClapGoodBrush,142.8810%,Not Sharing,Follow
NO.72,BringGramGray,142.8252%,Not Sharing,Follow
NO.73,TicketTypeSweet,142.0511%,Not Sharing,Follow
NO.74,CornerRoseCheese,137.6636%,Not Sharing,Follow
NO.75,WhaleWaiterWake,137.2162%,Not Sharing,Follow
NO.76,CatCuteTeacher,136.4651%,Not Sharing,Follow
NO.77,SugarBigHair,136.0218%,Not Sharing,Follow
NO.78,Iks,135.7904%,Not Sharing,Follow
NO.79,RamenNoodle,135.5180%,Not Sharing,Follow
NO.80,BirthdayTallTotal,135.1008%,Not Sharing,Follow
NO.81,VisitBowlGo,134.8273%,Not Sharing,Follow
NO.82,BearHandAirport,133.8783%,Not Sharing,Follow
NO.83,Crayonkoinco,133.4603%,Not Sharing,Follow
NO.84,StupidCleanBusiness,133.2830%,Not Sharing,Follow
NO.85,ChopsticksBathroomGlass,133.1732%,Not Sharing,Follow
NO.86,GrayCallMagic,132.8213%,Not Sharing,Follow
NO.87,Dewey,132.7236%,Not Sharing,Follow
NO.88,BathroomSharkWorld,132.2464%,Not Sharing,Follow
NO.89,ComeBatAlways,130.6893%,Not Sharing,Follow
NO.90,MilkHabitWake,130.5425%,Not Sharing,Follow
NO.91,AirCarryBut,130.3691%,Not Sharing,Follow
NO.92,WorryCloudyTwice,130.1592%,Not Sharing,Follow
NO.93,TeamChessBath,129.9093%,Not Sharing,Follow
NO.94,BusTwelveCross,129.8603%,Not Sharing,Follow
NO.95,WordSurprisedWin,128.9071%,Not Sharing,Follow
NO.96,SunnyBirthdayMatter,127.6882%,Not Sharing,Follow
NO.97,MealAfraidSummer,127.1763%,Not Sharing,Follow
NO.98,UseTenthBeautiful,124.4366%,Not Sharing,Follow
NO.99,ToothTrafficTrash,122.0128%,Not Sharing,Follow
NO.100,CouchTreatBut,121.8679%,Not Sharing,Follow
NO.101,ChristmasTapeBelong,121.5463%,Not Sharing,Follow
NO.102,WarmSocksWork,118.6321%,Not Sharing,Follow
NO.103,WashWindowCowboy,117.8209%,Not Sharing,Follow
NO.104,BoxDozenWind,117.5350%,Not Sharing,Follow
NO.105,ArmAfraidGlove,117.4521%,Not Sharing,Follow
NO.106,AroundSurfClean,117.4495%,Not Sharing,Follow
NO.107,BirthdayButterBusy,117.3563%,Not Sharing,Follow
NO.108,WatchBakeBreakfast,117.0417%,Not Sharing,Follow
NO.109,CoverMilkTwice,115.3775%,Not Sharing,Follow
NO.110,AbleMatBuy,114.9825%,Not Sharing,Follow
NO.111,CopyWarmWindow,114.0055%,Not Sharing,Follow
NO.112,WINIDO,113.8056%,Not Sharing,Follow
NO.113,UntilDecideDate,113.2150%,Not Sharing,Follow
NO.114,WhichMenuAir,111.0604%,Not Sharing,Follow
NO.115,BirdSunnyBaby,110.0870%,Not Sharing,Follow
NO.116,BowlWhoCity,109.9757%,Not Sharing,Follow
NO.117,SweetMarchWind,109.4390%,Not Sharing,Follow
NO.118,WorkBeachBridge,108.9798%,Not Sharing,Follow
NO.119,BoatAwayWhy,108.7344%,Not Sharing,Follow
NO.120,DozenTurkeyDay,108.0740%,Not Sharing,Follow
NO.121,HamburgerClapBench,107.5805%,Not Sharing,Follow
NO.122,BoredTouchDozen,107.0512%,Not Sharing,Follow
NO.123,CombTouchVisit,107.0022%,Not Sharing,Follow
NO.124,WrongCousinClass,106.9320%,Not Sharing,Follow
NO.125,YearThousandThirsty,106.7111%,Not Sharing,Follow
NO.126,GiantWeekendCat,106.3912%,Not Sharing,Follow
NO.127,CoatBecauseArrive,105.7974%,Not Sharing,Follow
NO.128,AwayCowboyBakery,105.2303%,Not Sharing,Follow
NO.129,DayTaxiCareful,104.9716%,Not Sharing,Follow
NO.130,WashChanceChair,104.7430%,Not Sharing,Follow
NO.131,DozenWeekendGlasses,104.3758%,Not Sharing,Follow
NO.132,GroupUnderUmbrella,104.0655%,Not Sharing,Follow
NO.133,SureTwentyWhose,102.9915%,Not Sharing,Follow
NO.134,MagicHappenMany,102.8686%,Not Sharing,Follow
NO.135,TwentyDanceCheer,102.7260%,Not Sharing,Follow
NO.136,BellBookCoffee,102.3926%,Not Sharing,Follow
NO.137,UseTowelUsually,101.5274%,Not Sharing,Follow
NO.138,BlindTigerComputer,101.2677%,Not Sharing,Follow
NO.139,ClothesChairThough,100.7393%,Not Sharing,Follow
NO.140,WriterDarkGroup,100.5762%,Not Sharing,Follow
NO.141,DanceBeachChair,100.5566%,Not Sharing,Follow
NO.142,BedCommonGo,100.1966%,Not Sharing,Follow
NO.143,BirdCheerCloudy,99.6701%,Not Sharing,Follow
NO.144,AfternoonWhaleCook,99.6447%,Not Sharing,Follow
NO.145,FutureWhoseMail,99.2729%,Not Sharing,Follow
NO.146,CenterComeBig,99.1583%,Not Sharing,Follow
NO.147,AbroadTwelveUniform,98.9700%,Not Sharing,Follow
NO.148,Howwedo,98.8386%,Not Sharing,Follow
NO.149,HandClassChristmas,98.7381%,Not Sharing,Follow
NO.150,YearGradeThis,98.6456%,Not Sharing,Follow
NO.151,WarmBurnTea,98.4584%,Not Sharing,Follow
NO.152,BunChristmasBlind,98.3078%,Not Sharing,Follow
NO.153,CupMarketBat,98.1764%,Not Sharing,Follow
NO.154,GardenDearYes,97.2677%,Not Sharing,Follow
NO.155,ShareGlassYes,97.2624%,Not Sharing,Follow
NO.156,ArqBit,97.1137%,Not Sharing,Follow
NO.157,BridgeAcrossYes,96.8750%,Not Sharing,Follow
NO.158,CommonSheepMailman,96.3154%,Not Sharing,Follow
NO.159,BearYellowThough,95.7080%,Not Sharing,Follow
NO.160,AirVeryGive,95.6983%,Not Sharing,Follow
NO.161,ClapWhoAbove,95.6250%,Not Sharing,Follow
NO.162,TiredCityTurkey,95.5985%,Not Sharing,Follow
NO.163,BreakLunchCopy,95.3190%,Not Sharing,Follow
NO.164,WetHalfBegin,94.8720%,Not Sharing,Follow
NO.165,BugTurkeyBad,94.7315%,Not Sharing,Follow
NO.166,ChildBeefBlock,94.6498%,Not Sharing,Follow
NO.167,GramChristmasBoss,94.6140%,Not Sharing,Follow
NO.168,CatVestBake,94.3829%,Not Sharing,Follow
NO.169,ActressWhoseUnhappy,94.1205%,Not Sharing,Follow
NO.170,CoatHamburgerButterfly,93.7613%,Not Sharing,Follow
NO.171,ClothesWantTurkey,93.6469%,Not Sharing,Follow
NO.172,CrossButterflyWake,93.4330%,Not Sharing,Follow
NO.173,GloveUnderAway,93.2423%,Not Sharing,Follow
NO.174,WinterHalfBand,93.1558%,Not Sharing,Follow
NO.175,BuildTooBasket,92.8239%,Not Sharing,Follow
NO.176,BasketMarriedWhose,92.7765%,Not Sharing,Follow
NO.177,Cryptomane,92.7499%,Not Sharing,Follow
NO.178,TheaterChristmasGo,92.6891%,Not Sharing,Follow
NO.179,YardWriteShark,92.2443%,Not Sharing,Follow
NO.180,ManyBakeVoice,92.0341%,Not Sharing,Follow
NO.181,WaterWriteCold,91.8893%,Not Sharing,Follow
NO.182,BelieveWallChopsticks,91.5971%,Not Sharing,Follow
NO.183,SuccessfulWhyBelong,91.4204%,Not Sharing,Follow
NO.184,AroundCokeAcross,91.3377%,Not Sharing,Follow
NO.185,AgoSharkBright,91.1380%,Not Sharing,Follow
NO.186,TeaWhichCloudy,91.0643%,Not Sharing,Follow
NO.187,AboutTwiceCheck,90.8624%,Not Sharing,Follow
NO.188,SugarBellButter,90.6086%,Not Sharing,Follow
NO.189,TheLimitIsTheSky,90.5848%,Not Sharing,Follow
NO.190,MakeAnimalSweater,90.5798%,Not Sharing,Follow
NO.191,TenthUnderAfraid,90.5029%,Not Sharing,Follow
NO.192,TrashWatchTomato,90.3918%,Not Sharing,Follow
NO.193,ClapAprilTaste,90.1313%,Not Sharing,Follow
NO.194,fearofson,89.6582%,Sharing,Follow
NO.195,AgoWorkBehind,89.5045%,Not Sharing,Follow
NO.196,CheeseBeginGram,88.9619%,Not Sharing,Follow
NO.197,WonderfulWellMind,88.6730%,Not Sharing,Follow
NO.198,CutBusinessmanGate,88.6133%,Not Sharing,Follow
NO.199,BookstoreThousandWell,88.6102%,Not Sharing,Follow
NO.200,Btcaus,88.4366%,Not Sharing,Follow
NO.201,GirlBearVideo,88.3632%,Not Sharing,Follow
NO.202,BothWithCheese,88.2162%,Not Sharing,Follow
NO.203,BelieveGuavaWorld,87.9681%,Not Sharing,Follow
NO.204,BreadChildAfraid,87.8909%,Not Sharing,Follow
NO.205,BusinessBearCake,87.1627%,Not Sharing,Follow
NO.206,ComeBoatLunch,87.0408%,Not Sharing,Follow
NO.207,BlindWeekMatter,86.9616%,Not Sharing,Follow
NO.208,TypeAlreadyDark,86.7787%,Not Sharing,Follow
NO.209,AppearSweetYear,86.7061%,Not Sharing,Follow
NO.210,CheckWhaleMany,86.6708%,Not Sharing,Follow
NO.211,Starbean,86.6264%,Not Sharing,Follow
NO.212,BeeCornerSurf,86.5613%,Not Sharing,Follow
NO.213,AngryTopTeenager,86.5089%,Not Sharing,Follow
NO.214,SureGramWeek,86.3817%,Not Sharing,Follow
NO.215,CapTeamGuava,86.3552%,Not Sharing,Follow
NO.216,BrownBeachCircle,85.8635%,Not Sharing,Follow
NO.217,TeamThroatBee,85.8491%,Not Sharing,Follow
NO.218,CuteGoodCrazy,85.8446%,Not Sharing,Follow
NO.219,CoatBreadCake,85.8173%,Not Sharing,Follow
NO.220,ToothBrushBirthday,85.7334%,Not Sharing,Follow
NO.221,BecomeBlockGym,85.2760%,Not Sharing,Follow
NO.222,ArriveWhenBird,85.0860%,Not Sharing,Follow
NO.223,CarefulShareMake,85.0769%,Not Sharing,Follow
NO.224,BornClickCloudy,85.0531%,Not Sharing,Follow
NO.225,WordGrapeWrong,84.7312%,Not Sharing,Follow
NO.226,CloudyWarmCount,84.4131%,Not Sharing,Follow
NO.227,ComputerBottleSwim,84.1493%,Not Sharing,Follow
NO.228,BananaAnimalCastle,83.8318%,Not Sharing,Follow
NO.229,LuckyMileSunny,83.7448%,Not Sharing,Follow
NO.230,GoodbyeCokeTouch,83.7030%,Not Sharing,Follow
NO.231,TelephoneTigerMath,83.6868%,Not Sharing,Follow
NO.232,TotalMeatSobber,83.2666%,Not Sharing,Follow
NO.233,BeforeSkySheep,82.6888%,Not Sharing,Follow
NO.234,HalfWhenClothes,82.6506%,Not Sharing,Follow
NO.235,SubjectRopeTired,82.5342%,Not Sharing,Follow
NO.236,ThirtyBoatCousin,81.6981%,Not Sharing,Follow
NO.237,SummerByCrazy,81.6446%,Not Sharing,Follow
NO.238,WarmToolWindow,81.3927%,Not Sharing,Follow
NO.239,StayBorrowUse,81.1735%,Not Sharing,Follow
NO.240,TidyCopyUmbrella,81.0724%,Not Sharing,Follow
NO.241,Hagakure,80.9111%,Not Sharing,Follow
NO.242,AlongSkyGift,80.9086%,Not Sharing,Follow
NO.243,WriterBoilVery,80.8032%,Not Sharing,Follow
NO.244,CountyMarriedBecome,80.6478%,Not Sharing,Follow
NO.245,WhatCommonGuitar,80.6279%,Not Sharing,Follow
NO.246,王大大,80.5341%,Not Sharing,Follow
NO.247,ChocolateCoatGround,80.4432%,Not Sharing,Follow
NO.248,AwayUncleBy,80.1243%,Not Sharing,Follow
NO.249,trevorprater,80.1204%,Not Sharing,Follow
NO.250,ClassroomAroundCent,79.6121%,Not Sharing,Follow
NO.251,TeamHappenBecome,79.6042%,Not Sharing,Follow
NO.252,BornTeaTenth,79.5080%,Not Sharing,Follow
NO.253,MadDayCounty,79.4676%,Not Sharing,Follow
NO.254,GladGasBelieve,79.3308%,Not Sharing,Follow
NO.255,ChocolateClickAnyone,79.2288%,Not Sharing,Follow
NO.256,ThirtySheepBorn,77.8672%,Not Sharing,Follow
NO.257,WaitressWalkAlso,77.8506%,Not Sharing,Follow
NO.258,BirdVegetableWorker,77.3868%,Not Sharing,Follow
NO.259,Skill,77.2257%,Not Sharing,Follow
NO.260,GoYearBowl,77.1987%,Not Sharing,Follow
NO.261,GloveChristmasMatter,76.9111%,Not Sharing,Follow
NO.262,WinterBothTotal,76.6504%,Not Sharing,Follow
NO.263,WithoutClassmateBelieve,76.2975%,Not Sharing,Follow
NO.264,SocksBreakfastTwice,76.1116%,Not Sharing,Follow
NO.265,UntilCastleAlmost,76.0477%,Not Sharing,Follow
NO.266,BathroomBornAnimal,75.8835%,Not Sharing,Follow
NO.267,BikeToastWindow,75.8764%,Not Sharing,Follow
NO.268,ThisVacationCent,75.8487%,Not Sharing,Follow
NO.269,TidyTempleBusiness,75.8253%,Not Sharing,Follow
NO.270,SkirtBesideMinute,74.9622%,Not Sharing,Follow
NO.271,UseAnotherBridge,74.9574%,Not Sharing,Follow
NO.272,CostThirdHappen,74.8408%,Not Sharing,Follow
NO.273,SurfChickenSkirt,74.7051%,Not Sharing,Follow
NO.274,CardWaterYear,74.6363%,Not Sharing,Follow
NO.275,ISAVARbt,74.6306%,Not Sharing,Follow
NO.276,TeenagerTicketTime,74.6172%,Not Sharing,Follow
NO.277,TownBothCamera,74.5073%,Not Sharing,Follow
NO.278,HappyBeanBorrow,74.1659%,Not Sharing,Follow
NO.279,UnderstandAbleWhat,74.0730%,Not Sharing,Follow
NO.280,TwentiethConvenientCall,74.0112%,Not Sharing,Follow
NO.281,CorrectGreenSurprise,74.0091%,Not Sharing,Follow
NO.282,UpWaterBody,73.8103%,Not Sharing,Follow
NO.283,ComicWhoThan,73.6047%,Not Sharing,Follow
NO.284,GuavaGetRope,73.2179%,Not Sharing,Follow
NO.285,ConvenientBurnUntil,72.8500%,Not Sharing,Follow
NO.286,BetweenVoiceWarm,72.7550%,Not Sharing,Follow
NO.287,BrownCarefulWish,72.7277%,Not Sharing,Follow
NO.288,WhereBearMath,72.6875%,Not Sharing,Follow
NO.289,ThirteenthAlwaysThirteen,72.6506%,Not Sharing,Follow
NO.290,WindowSugarMad,72.5464%,Not Sharing,Follow
NO.291,BrushDangerousCamera,72.1730%,Not Sharing,Follow
NO.292,MedicineMarkBelt,72.0899%,Not Sharing,Follow
NO.293,BearToolUp,71.8856%,Not Sharing,Follow
NO.294,WhichTurkeySwim,71.7806%,Not Sharing,Follow
NO.295,CombDeliciousStudy,71.7198%,Not Sharing,Follow
NO.296,GlassWhetherAngle,71.5688%,Not Sharing,Follow
NO.297,VideoWaitressBarbecue,71.4146%,Not Sharing,Follow
NO.298,BottomBrushUnderstand,71.3997%,Not Sharing,Follow
NO.299,BrodyRobot,71.3884%,Not Sharing,Follow
NO.300,AwayGramWinter,70.9514%,Not Sharing,Follow
NO.301,GuitarAirMask,70.9504%,Not Sharing,Follow
NO.302,BesideBookstoreBean,70.9347%,Not Sharing,Follow
NO.303,Sajuuk,70.9035%,Sharing,Follow
NO.304,BenchTooShare,70.8678%,Not Sharing,Follow
NO.305,RoseCutArrive,70.7743%,Not Sharing,Follow
NO.306,ThirtyWhiteCool,70.7705%,Not Sharing,Follow
NO.307,GetTestAlong,70.6682%,Not Sharing,Follow
NO.308,ThoseBothWife,70.6342%,Not Sharing,Follow
NO.309,TeachCheapMeat,70.6135%,Not Sharing,Follow
NO.310,BecomeBringBottom,70.5013%,Not Sharing,Follow
NO.311,ChairWakeCenter,70.3285%,Not Sharing,Follow
NO.312,TallCollectCounty,70.2026%,Not Sharing,Follow
NO.313,ButWaiterMilk,70.1247%,Not Sharing,Follow
NO.314,CapTrainTwice,69.9745%,Not Sharing,Follow
NO.315,BakeryBadmintonThursday,69.8783%,Not Sharing,Follow
NO.316,SunToastBoat,69.6068%,Not Sharing,Follow
NO.317,CombTrickBee,69.2865%,Not Sharing,Follow
NO.318,BeforeWhaleGround,69.2500%,Not Sharing,Follow
NO.319,BagHappenGuy,69.2230%,Not Sharing,Follow
NO.320,AwayWaiterBite,69.1314%,Not Sharing,Follow
NO.321,adamshao,68.9571%,Not Sharing,Follow
NO.322,CoverTheWounds,68.8714%,Not Sharing,Follow
NO.323,WaterBathBasket,68.7196%,Not Sharing,Follow
NO.324,CageGarbageMile,68.7191%,Not Sharing,Follow
NO.325,MatBlindGift,68.3001%,Not Sharing,Follow
NO.326,ClubGuavaCrazy,68.2466%,Not Sharing,Follow
NO.327,DecideSuccessfulGiant,68.2296%,Not Sharing,Follow
NO.328,GuessVisitGlass,68.1718%,Not Sharing,Follow
NO.329,BesideDarkComic,68.1409%,Not Sharing,Follow
NO.330,MediumGardenGram,67.9759%,Not Sharing,Follow
NO.331,ChocolateWarmCopy,67.9757%,Not Sharing,Follow
NO.332,GrayGramBright,67.9522%,Not Sharing,Follow
NO.333,BedCenterVisit,67.6532%,Not Sharing,Follow
NO.334,BugGardenTeenager,67.5740%,Not Sharing,Follow
NO.335,AboveTestWhen,67.3537%,Not Sharing,Follow
NO.336,CaseHairBurn,67.1991%,Not Sharing,Follow
NO.337,Maybs,67.1825%,Not Sharing,Follow
NO.338,GardenGirlChair,67.1464%,Not Sharing,Follow
NO.339,TennisThanBelt,66.9267%,Not Sharing,Follow
NO.340,AirTidyClose,66.8930%,Not Sharing,Follow
NO.341,TotalClickCar,66.8338%,Not Sharing,Follow
NO.342,AlongTrickTelevision,66.7207%,Not Sharing,Follow
NO.343,MailmanTouchWhat,66.4741%,Not Sharing,Follow
NO.344,Slithy,66.2274%,Not Sharing,Follow
NO.345,AppleMathChurch,66.1983%,Not Sharing,Follow
NO.346,DayBatWriter,66.1483%,Not Sharing,Follow
NO.347,BaseballBeBig,66.0334%,Not Sharing,Follow
NO.348,WishTwiceBox,66.0234%,Not Sharing,Follow
NO.349,MadGuyMailman,65.9889%,Not Sharing,Follow
NO.350,DayTopWithout,65.8537%,Not Sharing,Follow
NO.351,AlygizakisD,65.7175%,Sharing,Follow
NO.352,GiveMeanWife,65.5780%,Not Sharing,Follow
NO.353,TailCatRope,65.5594%,Not Sharing,Follow
NO.354,CoffeeWhenGoodbye,65.5359%,Not Sharing,Follow
NO.355,MarchBathroomAble,65.5130%,Not Sharing,Follow
NO.356,CatchBathroomTake,65.4121%,Not Sharing,Follow
NO.357,HappyBusinessWithout,65.3420%,Not Sharing,Follow
NO.358,ToyMadThough,65.1584%,Not Sharing,Follow
NO.359,BrightDearWell,65.1401%,Not Sharing,Follow
NO.360,ChildWonderfulToe,64.9687%,Not Sharing,Follow
NO.361,GiantClimbClothes,64.7634%,Not Sharing,Follow
NO.362,TigerBeautifulUseful,64.7618%,Not Sharing,Follow
NO.363,WinCountyViolin,64.7479%,Not Sharing,Follow
NO.364,BecauseCloseGlasses,64.6481%,Not Sharing,Follow
NO.365,Bentley,64.6136%,Sharing,Follow
NO.366,MealChristmasBuy,64.5733%,Not Sharing,Follow
NO.367,GateWeekendWater,64.5317%,Not Sharing,Follow
NO.368,ToeGlassBath,64.4378%,Not Sharing,Follow
NO.369,TrafficCountDear,64.3168%,Not Sharing,Follow
NO.370,CorrectChanceCourse,64.3142%,Not Sharing,Follow
NO.371,MatMarkerWell,64.1433%,Not Sharing,Follow
NO.372,SupWCCF,64.1023%,Not Sharing,Follow
NO.373,StudyGymApple,64.0333%,Not Sharing,Follow
NO.374,ManyBearThank,63.9389%,Not Sharing,Follow
NO.375,TigerWordAir,63.8338%,Not Sharing,Follow
NO.376,AirTreeVoice,63.8111%,Not Sharing,Follow
NO.377,GarbageTwoChopsticks,63.7700%,Not Sharing,Follow
NO.378,BetweenBehindWorld,63.7695%,Not Sharing,Follow
NO.379,GrapeSwingShark,63.5318%,Not Sharing,Follow
NO.380,VegetableStupidTiger,63.5087%,Not Sharing,Follow
NO.381,BalconyWorkBored,63.4881%,Not Sharing,Follow
NO.382,BeefWhiteCatch,63.3589%,Not Sharing,Follow
NO.383,TogetherMarriedWall,63.0206%,Not Sharing,Follow
NO.384,AboveCentCowboy,63.0138%,Not Sharing,Follow
NO.385,CheckCrazyTeenager,62.9998%,Not Sharing,Follow
NO.386,SugarAwayCup,62.9554%,Not Sharing,Follow
NO.387,AnyoneBoilThank,62.9228%,Not Sharing,Follow
NO.388,ToeBecauseTwelfth,62.8116%,Not Sharing,Follow
NO.389,MrLabs,62.7887%,Not Sharing,Follow
NO.390,CheckUnhappyTurn,62.7339%,Not Sharing,Follow
NO.391,BedHairTouch,62.5178%,Not Sharing,Follow
NO.392,BecomeWhiteBox,62.4638%,Not Sharing,Follow
NO.393,CommonGrapeDaughter,62.3431%,Not Sharing,Follow
NO.394,MeanAroundTeenager,62.3383%,Not Sharing,Follow
NO.395,HallowTownCute,62.3049%,Not Sharing,Follow
NO.396,GuavaAcrossBut,62.2694%,Not Sharing,Follow
NO.397,LunchBearTell,61.9363%,Not Sharing,Follow
NO.398,TogetherCuteApartment,61.6913%,Not Sharing,Follow
NO.399,CleanSnowyAble,61.6427%,Not Sharing,Follow
NO.400,WithoutBoredCloudy,61.4637%,Not Sharing,Follow
NO.401,GlassAnotherTerrible,61.3839%,Not Sharing,Follow
NO.402,VoiceClubCatch,61.3639%,Not Sharing,Follow
NO.403,MatUsuallyBoring,61.2928%,Not Sharing,Follow
NO.404,GrayCoffeeBath,61.2403%,Not Sharing,Follow
NO.405,DarkArriveWhich,61.1679%,Not Sharing,Follow
NO.406,WhyCrossWash,61.1484%,Not Sharing,Follow
NO.407,MatterCaseAll,61.1018%,Not Sharing,Follow
NO.408,WithChairMeal,61.0117%,Not Sharing,Follow
NO.409,AutumnBellAbroad,60.9460%,Not Sharing,Follow
NO.410,CuteWhyChopsticks,60.9129%,Not Sharing,Follow
NO.411,TodayBalconyWelcome,60.8601%,Not Sharing,Follow
NO.412,TodayTrainApple,60.7848%,Not Sharing,Follow
NO.413,MilkGrandmotherBook,60.6349%,Not Sharing,Follow
NO.414,WrongMealRope,60.5906%,Not Sharing,Follow
NO.415,ToothCountyClimb,60.5764%,Not Sharing,Follow
NO.416,DepartmentDecemberBegin,60.4370%,Not Sharing,Follow
NO.417,AnyoneTeachBun,60.2183%,Not Sharing,Follow
NO.418,TwoDanceUniform,60.1457%,Not Sharing,Follow
NO.419,CheerChurchWelcome,60.1440%,Not Sharing,Follow
NO.420,TasteFutureMark,60.1414%,Not Sharing,Follow
NO.421,GarbageChalkBook,60.1326%,Not Sharing,Follow
NO.422,WishClassmateAirport,60.0527%,Not Sharing,Follow
NO.423,VideoTempleTrain,60.0406%,Not Sharing,Follow
NO.424,WarmThoughCity,59.9159%,Not Sharing,Follow
NO.425,WellGuessBelieve,59.3506%,Not Sharing,Follow
NO.426,ChessBathDecide,59.1483%,Not Sharing,Follow
NO.427,WhatWindCoke,59.1439%,Not Sharing,Follow
NO.428,BadmintonMediumBusy,59.0730%,Not Sharing,Follow
NO.429,TalkWatchCell,59.0102%,Not Sharing,Follow
NO.430,WestHappyCastle,59.0086%,Not Sharing,Follow
NO.431,GlueGlassesChild,59.0030%,Not Sharing,Follow
NO.432,GarbageUseComic,58.9776%,Not Sharing,Follow
NO.433,BusBathGoose,58.6760%,Not Sharing,Follow
NO.434,ChurchGroundCheer,58.6418%,Not Sharing,Follow
NO.435,CoolTreeGiant,58.6352%,Not Sharing,Follow
NO.436,UncleStupidSwim,58.6161%,Not Sharing,Follow
NO.437,AirportBikeMarried,58.4052%,Not Sharing,Follow
NO.438,SurpriseSummerGhost,58.3456%,Not Sharing,Follow
NO.439,CoatTreatChange,58.3228%,Not Sharing,Follow
NO.440,CageCloseCity,58.2994%,Not Sharing,Follow
NO.441,TripWillWorry,58.1870%,Not Sharing,Follow
NO.442,CowCorrectSoccer,58.1763%,Not Sharing,Follow
NO.443,ThirdTalkApartment,57.9490%,Not Sharing,Follow
NO.444,AutumnSunkAgo,57.9277%,Not Sharing,Follow
NO.445,ClockVoiceCold,57.8838%,Not Sharing,Follow
NO.446,TodayTouchBlue,57.8015%,Not Sharing,Follow
NO.447,ThatLaundryGuy,57.5846%,Not Sharing,Follow
NO.448,SheSuccessfulBuy,57.5201%,Not Sharing,Follow
NO.449,WindSunnyBreak,57.5151%,Not Sharing,Follow
NO.450,GateGrandfatherChess,57.4867%,Not Sharing,Follow
NO.451,GramTiredClap,57.4347%,Not Sharing,Follow
NO.452,SwimGymGrandfather,57.4036%,Not Sharing,Follow
NO.453,ThisWelcomeBalcony,57.2615%,Not Sharing,Follow
NO.454,AprilCageWork,57.2374%,Not Sharing,Follow
NO.455,AngelSharkHandsome,57.2229%,Not Sharing,Follow
NO.456,BringMapBadminton,57.1650%,Not Sharing,Follow
NO.457,ButterTeacherWarm,57.1645%,Not Sharing,Follow
NO.458,WinBothMile,57.1471%,Not Sharing,Follow
NO.459,WorkerTeamCool,57.1467%,Not Sharing,Follow
NO.460,TaxiDentistBath,57.0854%,Not Sharing,Follow
NO.461,UmbrellaTeenagerAbove,56.9967%,Not Sharing,Follow
NO.462,Damien74,56.9062%,Not Sharing,Follow
NO.463,ClimbTerribleAnything,56.8309%,Not Sharing,Follow
NO.464,Basanta1,56.8143%,Not Sharing,Follow
NO.465,BottomCarryCoat,56.7789%,Not Sharing,Follow
NO.466,MadDecemberCity,56.7097%,Not Sharing,Follow
NO.467,SheepBandBirthday,56.7092%,Not Sharing,Follow
NO.468,CatShareWet,56.3438%,Not Sharing,Follow
NO.469,WriterTripSun,56.3421%,Not Sharing,Follow
NO.470,BackTeaTurkey,55.9745%,Not Sharing,Follow
NO.471,TomorrowClimbBasket,55.7812%,Not Sharing,Follow
NO.472,GuessCoverWriter,55.6778%,Not Sharing,Follow
NO.473,BoyGrandfatherBored,55.6217%,Not Sharing,Follow
NO.474,HandsomeSunClose,55.5485%,Not Sharing,Follow
NO.475,CowboyCheatGet,55.5330%,Not Sharing,Follow
NO.476,WomanGrandmotherWant,55.4784%,Not Sharing,Follow
NO.477,MadBeefCourse,55.4179%,Not Sharing,Follow
NO.478,AgeCircleThirsty,55.3132%,Not Sharing,Follow
NO.479,AnotherWalletBoring,55.3040%,Not Sharing,Follow
NO.480,MeetMatterBusinessman,55.2076%,Not Sharing,Follow
NO.481,BlanketAlwaysShark,55.1291%,Not Sharing,Follow
NO.482,ManWallTogether,55.1057%,Not Sharing,Follow
NO.483,WhatGarbageCandy,55.0729%,Not Sharing,Follow
NO.484,WhiteBabyChange,54.9584%,Not Sharing,Follow
NO.485,BagMillionMeal,54.9194%,Not Sharing,Follow
NO.486,MedicineBottleBelow,54.7016%,Not Sharing,Follow
NO.487,ClickThoughCool,54.6230%,Not Sharing,Follow
NO.488,WhereBelieveTelevision,54.5898%,Not Sharing,Follow
NO.489,Daxonldx,54.5883%,Not Sharing,Follow
NO.490,WhenMillionBack,54.5543%,Not Sharing,Follow
NO.491,WindyTreeWorker,54.4011%,Not Sharing,Follow
NO.492,CowChocolateBoth,54.3912%,Not Sharing,Follow
NO.493,MachineBirthdayChicken,54.3771%,Not Sharing,Follow
NO.494,VeryCoolBelow,54.3371%,Not Sharing,Follow
NO.495,BeeCookieMan,54.3027%,Not Sharing,Follow
NO.496,CloseCookieTest,54.2885%,Not Sharing,Follow
NO.497,TripTeaAcross,54.1911%,Not Sharing,Follow
NO.498,WhoseBaseballSoccer,54.1809%,Not Sharing,Follow
NO.499,AprilWhoseCousin,54.1552%,Not Sharing,Follow
NO.500,HamCityDozen,54.1439%,Not Sharing,Follow
