NO.1,WakeHappyTown,238.6903,Not Sharing,Follow
NO.2,GameBigCandle,67.6962,Not Sharing,Follow
NO.3,SobberWillWise,52.9318,Not Sharing,Follow
NO.4,ExoplanetCapital,46.1189,Not Sharing,Follow
NO.5,SurpriseGradeHand,44.6312,Not Sharing,Follow
NO.6,TimeUseMask,27.8736,Not Sharing,Follow
NO.7,Tothemoooonn,26.8559,Not Sharing,Follow
NO.8,WrongBossClassroom,26.8505,Not Sharing,Follow
NO.9,UmbrellaMakeWin,21.1934,Not Sharing,Follow
NO.10,BadmintonChanceBook,19.9982,Not Sharing,Follow
NO.11,SureTennisBetween,19.4757,Not Sharing,Follow
NO.12,TrainTennisBurn,18.8697,Not Sharing,Follow
NO.13,ToyTurtleMarket,17.8613,Not Sharing,Follow
NO.14,RamenNoodle,17.7277,Not Sharing,Follow
NO.15,SunnyCokeColor,15.6688,Not Sharing,Follow
NO.16,HamWalkCity,13.1723,Not Sharing,Follow
NO.17,WenLamboWenJet,12.6165,Not Sharing,Follow
NO.18,GuyCarryCopy,12.5964,Not Sharing,Follow
NO.19,WhereCorrectApple,12.3480,Not Sharing,Follow
NO.20,BottomTwiceCorrect,11.8556,Not Sharing,Follow
NO.21,CloseGiantBrown,11.7203,Not Sharing,Follow
NO.22,AlongGymChoose,11.5256,Not Sharing,Follow
NO.23,Nicole,11.4449,Not Sharing,Follow
NO.24,QuantumPoodle,11.4308,Not Sharing,Follow
NO.25,BrightGrowAirport,11.2980,Not Sharing,Follow
NO.26,AirUnhappyChopsticks,10.9858,Not Sharing,Follow
NO.27,HamburgerTurkeyGet,10.8586,Not Sharing,Follow
NO.28,BreakfastBlowWrite,10.6524,Not Sharing,Follow
NO.29,SurpriseTrickThrow,10.5960,Not Sharing,Follow
NO.30,CarTouchWhether,10.4028,Not Sharing,Follow
NO.31,AnotherBadVoice,10.3756,Not Sharing,Follow
NO.32,MindTheaterMagic,10.3394,Not Sharing,Follow
NO.33,GameMaybeTop,10.2212,Not Sharing,Follow
NO.34,UmbrellaAlongStay,9.4419,Not Sharing,Follow
NO.35,CowCatBehind,8.7715,Not Sharing,Follow
NO.36,BlowTeamTwo,8.3991,Not Sharing,Follow
NO.37,ToyByGram,8.3372,Not Sharing,Follow
NO.38,ChickenTelephoneGuy,8.2854,Not Sharing,Follow
NO.39,AgainBlueGift,8.2619,Not Sharing,Follow
NO.40,ThirstyToastGet,8.2501,Not Sharing,Follow
NO.41,MakeBedroomTime,8.1420,Not Sharing,Follow
NO.42,CD歪嘴战神Vigour,7.9742,Not Sharing,Follow
NO.43,TwoWithoutWhy,7.9026,Not Sharing,Follow
NO.44,WelcomeGhostWorker,7.6778,Not Sharing,Follow
NO.45,SocksTailBy,7.6572,Not Sharing,Follow
NO.46,BeautifulTieUnhappy,7.2401,Not Sharing,Follow
NO.47,ToyGuessAcross,7.0418,Not Sharing,Follow
NO.48,ArriveBirthdayTrash,7.0311,Not Sharing,Follow
NO.49,WalletTeenagerMile,6.9144,Not Sharing,Follow
NO.50,BuyChristmasGuess,6.8677,Not Sharing,Follow
NO.51,GardenBelieveTrain,6.7275,Not Sharing,Follow
NO.52,CarefulBottleColor,6.6056,Not Sharing,Follow
NO.53,TempleBellApple,6.3948,Not Sharing,Follow
NO.54,BrushDangerousCamera,6.3778,Not Sharing,Follow
NO.55,SkirtGoatTerrible,6.3323,Not Sharing,Follow
NO.56,CookieMarkerGreen,6.1327,Not Sharing,Follow
NO.57,ClearAcrossBored,5.9914,Not Sharing,Follow
NO.58,AfternoonWhaleCook,5.9638,Not Sharing,Follow
NO.59,GoatThroatVideo,5.9236,Not Sharing,Follow
NO.60,TakeTodayAround,5.8621,Not Sharing,Follow
NO.61,ThoughMatterCute,5.7891,Not Sharing,Follow
NO.62,WellTwelveTelephone,5.6642,Not Sharing,Follow
NO.63,YellowUnderstandApple,5.4513,Not Sharing,Follow
NO.64,XxXxXxX,5.3312,Not Sharing,Follow
NO.65,BothCrazyTable,5.2764,Not Sharing,Follow
NO.66,Eilypey,5.2659,Not Sharing,Follow
NO.67,SheVisitWith,5.1136,Not Sharing,Follow
NO.68,CheckYellowSunny,5.0970,Not Sharing,Follow
NO.69,CenterMindUseful,5.0515,Not Sharing,Follow
NO.70,Brolaf,4.9693,Not Sharing,Follow
NO.71,TrashAlmostBathroom,4.7887,Not Sharing,Follow
NO.72,TodayBirdThirteenth,4.7690,Not Sharing,Follow
NO.73,UnderCandyBath,4.7634,Not Sharing,Follow
NO.74,WellWhichApartment,4.7153,Not Sharing,Follow
NO.75,BeefCountryYellow,4.4366,Not Sharing,Follow
NO.76,UntilBuildAfraid,4.3328,Not Sharing,Follow
NO.77,ClassroomBathBoss,4.2612,Not Sharing,Follow
NO.78,TrickCatTeam,4.2451,Not Sharing,Follow
NO.79,UmbrellaWakeBow,4.2168,Not Sharing,Follow
NO.80,WorldTwelveWake,4.1784,Not Sharing,Follow
NO.81,WaitDayAhead,4.1445,Not Sharing,Follow
NO.82,GrayTennisSweater,4.1334,Not Sharing,Follow
NO.83,BlindTigerComputer,4.1099,Not Sharing,Follow
NO.84,BlockLuckyThree,4.1081,Not Sharing,Follow
NO.85,BornWorldBalcony,4.0778,Not Sharing,Follow
NO.86,TwentiethAgainComb,4.0749,Not Sharing,Follow
NO.87,SheWithoutCheck,3.9441,Not Sharing,Follow
NO.88,CelebrateBecauseShare,3.8198,Not Sharing,Follow
NO.89,GhostCapSuccessful,3.6959,Not Sharing,Follow
NO.90,fearofson,3.6718,Sharing,Follow
NO.91,DentistStupidAlong,3.6602,Not Sharing,Follow
NO.92,ByWarmWallet,3.6582,Not Sharing,Follow
NO.93,AnswerWonderfulWorker,3.6212,Not Sharing,Follow
NO.94,WellBirthdayCoat,3.5868,Not Sharing,Follow
NO.95,BossBaseballTrick,3.5666,Not Sharing,Follow
NO.96,AlreadyGiantWet,3.5164,Not Sharing,Follow
NO.97,TallGloveThree,3.5086,Not Sharing,Follow
NO.98,ToothCountyClimb,3.4437,Not Sharing,Follow
NO.99,TempleBeeTurtle,3.3812,Not Sharing,Follow
NO.100,CarefulAcrossClassmate,3.3575,Not Sharing,Follow
NO.101,MenuBirdMilk,3.3343,Not Sharing,Follow
NO.102,TwentiethCuteTable,3.3340,Not Sharing,Follow
NO.103,CookieGooseArrive,3.2805,Not Sharing,Follow
NO.104,CallAirplaneBun,3.2754,Not Sharing,Follow
NO.105,拼多多,3.1698,Not Sharing,Follow
NO.106,GrowTopWinter,3.1511,Not Sharing,Follow
NO.107,ChopsticksCageCrazy,3.1371,Not Sharing,Follow
NO.108,HandsomeCowWith,3.0858,Not Sharing,Follow
NO.109,ThankMathCheap,3.0702,Not Sharing,Follow
NO.110,UniformSupermarketVideo,3.0406,Not Sharing,Follow
NO.111,BoilClassroomWhere,2.9323,Not Sharing,Follow
NO.112,VestChurchAfraid,2.9287,Not Sharing,Follow
NO.113,GetTurnApartment,2.9091,Not Sharing,Follow
NO.114,TownBothCamera,2.8962,Not Sharing,Follow
NO.115,BabyBathroomDance,2.8820,Not Sharing,Follow
NO.116,DayAwayViolin,2.8772,Not Sharing,Follow
NO.117,BadGameAngle,2.8545,Not Sharing,Follow
NO.118,WestBusinessmanChoose,2.8513,Not Sharing,Follow
NO.119,UsuallyAngryBusinessman,2.8508,Not Sharing,Follow
NO.120,CostThirdHappen,2.7766,Not Sharing,Follow
NO.121,SweetGradeShe,2.7595,Not Sharing,Follow
NO.122,scottjay,2.7561,Not Sharing,Follow
NO.123,WaterBatBag,2.7388,Not Sharing,Follow
NO.124,WiseWorldBusy,2.7193,Not Sharing,Follow
NO.125,CornerVoiceBottom,2.7093,Not Sharing,Follow
NO.126,TowelMailmanBelong,2.6964,Not Sharing,Follow
NO.127,BalconySheepTime,2.6819,Not Sharing,Follow
NO.128,WifeAfternoonBored,2.6691,Not Sharing,Follow
NO.129,BringGramGray,2.6600,Not Sharing,Follow
NO.130,Blockonetech,2.6568,Not Sharing,Follow
NO.131,TheaterComicTwo,2.6540,Not Sharing,Follow
NO.132,fxxk,2.6455,Not Sharing,Follow
NO.133,BoredMagicAcross,2.6346,Not Sharing,Follow
NO.134,TurnTooHallow,2.6292,Not Sharing,Follow
NO.135,SupermarketDanceBedroom,2.6246,Not Sharing,Follow
NO.136,TasteBorrowBedroom,2.6023,Not Sharing,Follow
NO.137,Starbean,2.5914,Not Sharing,Follow
NO.138,TigerSweaterDentist,2.5516,Not Sharing,Follow
NO.139,SubjectGlassBuild,2.5409,Not Sharing,Follow
NO.140,TurnMeetingBody,2.5134,Not Sharing,Follow
NO.141,TigerCornerCage,2.5026,Not Sharing,Follow
NO.142,StayBelieveTiger,2.4897,Not Sharing,Follow
NO.143,WellTigerBake,2.4677,Not Sharing,Follow
NO.144,WelcomeBackColor,2.4379,Not Sharing,Follow
NO.145,UntilMedicineSuccessful,2.4147,Not Sharing,Follow
NO.146,GrapeAheadWash,2.3949,Not Sharing,Follow
NO.147,CorrectWindWonderful,2.3941,Not Sharing,Follow
NO.148,ChimpanzeeNAMi,2.3803,Not Sharing,Follow
NO.149,GoodGiantHandsome,2.3313,Not Sharing,Follow
NO.150,CellAgainAnother,2.3191,Not Sharing,Follow
NO.151,CousinAirBathroom,2.2926,Not Sharing,Follow
NO.152,WithMediumBasketball,2.2868,Not Sharing,Follow
NO.153,YesCentTall,2.2728,Not Sharing,Follow
NO.154,TownSubjectGift,2.2722,Not Sharing,Follow
NO.155,VideoBodyUmbrella,2.2654,Not Sharing,Follow
NO.156,CountySunThousand,2.2652,Not Sharing,Follow
NO.157,UnderstandCentimeterUp,2.2243,Not Sharing,Follow
NO.158,BowCornerGo,2.2182,Not Sharing,Follow
NO.159,DozenGoCoke,2.1991,Not Sharing,Follow
NO.160,LuckySurfWake,2.1945,Not Sharing,Follow
NO.161,GooseDepartmentWill,2.1899,Not Sharing,Follow
NO.162,AlongMapGlasses,2.1857,Not Sharing,Follow
NO.163,Castelmola,2.1333,Not Sharing,Follow
NO.164,火火火,2.1093,Not Sharing,Follow
NO.165,BankTeacherTooth,2.0695,Not Sharing,Follow
NO.166,ChurchTogetherDear,2.0444,Not Sharing,Follow
NO.167,StayAwayWithout,2.0442,Not Sharing,Follow
NO.168,BowHandToast,2.0442,Not Sharing,Follow
NO.169,SkirtUseSunk,2.0442,Not Sharing,Follow
NO.170,BornBossTomorrow,2.0426,Not Sharing,Follow
NO.171,TimeShareBean,2.0409,Not Sharing,Follow
NO.172,Waro,2.0309,Sharing,Follow
NO.173,TapeGiveAfternoon,2.0212,Not Sharing,Follow
NO.174,hopee,2.0130,Not Sharing,Follow
NO.175,HappyMeetingShe,2.0122,Not Sharing,Follow
NO.176,BedCageCouch,1.9948,Not Sharing,Follow
NO.177,OakGardenDark,1.9907,Not Sharing,Follow
NO.178,boatzz,1.9906,Not Sharing,Follow
NO.179,CarefulCatchClock,1.9865,Not Sharing,Follow
NO.180,BirthdayCountVery,1.9861,Not Sharing,Follow
NO.181,CloudyTelevisionThree,1.9761,Not Sharing,Follow
NO.182,ArriveAgoWorld,1.9753,Not Sharing,Follow
NO.183,CenterGiantUnhappy,1.9684,Not Sharing,Follow
NO.184,ThirtyWhiteCool,1.9488,Not Sharing,Follow
NO.185,CostToastVacation,1.9380,Not Sharing,Follow
NO.186,SoccerWhatBored,1.9232,Not Sharing,Follow
NO.187,GateSwingClap,1.9135,Not Sharing,Follow
NO.188,UnderMathTidy,1.9135,Not Sharing,Follow
NO.189,BrushTailSuccessful,1.9080,Not Sharing,Follow
NO.190,TreatSnowyWalk,1.9052,Not Sharing,Follow
NO.191,Ponytail,1.8961,Not Sharing,Follow
NO.192,ByBathroomCold,1.8876,Not Sharing,Follow
NO.193,BringCopyAirplane,1.8875,Not Sharing,Follow
NO.194,BandActressWake,1.8687,Not Sharing,Follow
NO.195,AboveCityBee,1.8542,Sharing,Follow
NO.196,MarkerCentBelieve,1.8476,Not Sharing,Follow
NO.197,AbleBusinessAfter,1.8470,Not Sharing,Follow
NO.198,MailGroupBakery,1.8379,Not Sharing,Follow
NO.199,TennisBathroomAway,1.8338,Not Sharing,Follow
NO.200,WallUniformBedroom,1.8262,Not Sharing,Follow
NO.201,GroupBrightTraffic,1.8225,Not Sharing,Follow
NO.202,WonderfulDepartmentTired,1.8060,Not Sharing,Follow
NO.203,ToastMathBottle,1.8058,Not Sharing,Follow
NO.204,DateWrongColor,1.8001,Not Sharing,Follow
NO.205,TempleHabitTrash,1.7931,Not Sharing,Follow
NO.206,WithoutWeekBoy,1.7901,Not Sharing,Follow
NO.207,ClapBathroomThree,1.7765,Not Sharing,Follow
NO.208,LeTech,1.7711,Not Sharing,Follow
NO.209,TenthVisitDecember,1.7596,Not Sharing,Follow
NO.210,TellThursdayAngle,1.7566,Not Sharing,Follow
NO.211,BoxChooseCover,1.7510,Not Sharing,Follow
NO.212,AlsoTenGym,1.7486,Not Sharing,Follow
NO.213,ClickBarbecueAnimal,1.7329,Not Sharing,Follow
NO.214,CornerTicketCake,1.7319,Not Sharing,Follow
NO.215,Winklefloss,1.6886,Not Sharing,Follow
NO.216,MarkBreakfastMail,1.6880,Not Sharing,Follow
NO.217,BeeBaseballGlass,1.6354,Not Sharing,Follow
NO.218,TidyAnotherCandle,1.6270,Not Sharing,Follow
NO.219,BuyChurchMake,1.6185,Not Sharing,Follow
NO.220,GroupTomatoSky,1.5782,Not Sharing,Follow
NO.221,BelieveTasteClub,1.5682,Not Sharing,Follow
NO.222,WriterDarkBecause,1.5397,Not Sharing,Follow
NO.223,AppleMathChurch,1.5337,Not Sharing,Follow
NO.224,WallBoatClassroom,1.5323,Not Sharing,Follow
NO.225,CleanGrowBean,1.5181,Not Sharing,Follow
NO.226,BeachCrazyHand,1.5136,Not Sharing,Follow
NO.227,SheepBoyAnything,1.5103,Not Sharing,Follow
NO.228,DecideWithTrip,1.5035,Not Sharing,Follow
NO.229,CollectMindWorld,1.4869,Not Sharing,Follow
NO.230,AngleDentistCage,1.4777,Not Sharing,Follow
NO.231,WallCastleAnswer,1.4743,Not Sharing,Follow
NO.232,BatThoseCenter,1.4710,Not Sharing,Follow
NO.233,BuildGooseBlind,1.4659,Not Sharing,Follow
NO.234,GiantWeekendCat,1.4657,Not Sharing,Follow
NO.235,VegetableCuteWall,1.4591,Not Sharing,Follow
NO.236,TerribleGateCar,1.4440,Not Sharing,Follow
NO.237,TicketBenchTiger,1.4377,Not Sharing,Follow
NO.238,AngryWestWish,1.4366,Not Sharing,Follow
NO.239,ChalkTeaCheck,1.4358,Not Sharing,Follow
NO.240,AgeBlueBlind,1.4357,Not Sharing,Follow
NO.241,BurnButMap,1.4351,Not Sharing,Follow
NO.242,BunButterDear,1.4279,Not Sharing,Follow
NO.243,TenClickComb,1.4271,Not Sharing,Follow
NO.244,ThrowAnythingGrow,1.4246,Not Sharing,Follow
NO.245,暮凌逸,1.4211,Not Sharing,Follow
NO.246,1wk,1.4041,Not Sharing,Follow
NO.247,WaitWorryTree,1.3940,Not Sharing,Follow
NO.248,CheckTypeTie,1.3837,Not Sharing,Follow
NO.249,CrossGrandmotherBusinessman,1.3792,Not Sharing,Follow
NO.250,ChessGoatGrow,1.3776,Not Sharing,Follow
NO.251,chongchongchong,1.3776,Not Sharing,Follow
NO.252,AcrossSurpriseMeal,1.3740,Not Sharing,Follow
NO.253,BeltThanTrip,1.3672,Not Sharing,Follow
NO.254,TwelveSugarAnimal,1.3628,Not Sharing,Follow
NO.255,AgreeTrafficShe,1.3578,Not Sharing,Follow
NO.256,Inevitable,1.3546,Not Sharing,Follow
NO.257,WiseDearCloudy,1.3514,Not Sharing,Follow
NO.258,LFG,1.3505,Not Sharing,Follow
NO.259,WindyCoffeeTime,1.3465,Not Sharing,Follow
NO.260,TableThousandCandle,1.3381,Not Sharing,Follow
NO.261,BlindClassmateAirport,1.3247,Not Sharing,Follow
NO.262,UseVoiceTalk,1.3231,Not Sharing,Follow
NO.263,WallWriterBell,1.3182,Not Sharing,Follow
NO.264,WillCupCareful,1.3104,Not Sharing,Follow
NO.265,BoyTrafficYard,1.3090,Not Sharing,Follow
NO.266,GirlGiftTable,1.3090,Not Sharing,Follow
NO.267,ThousandWithoutThirty,1.3036,Not Sharing,Follow
NO.268,CuteAnyoneWill,1.2994,Not Sharing,Follow
NO.269,GloveWarmBasket,1.2967,Not Sharing,Follow
NO.270,HangTailMillion,1.2937,Not Sharing,Follow
NO.271,CrossGiantBasket,1.2725,Not Sharing,Follow
NO.272,Freethereum,1.2674,Not Sharing,Follow
NO.273,BehindMeanWarm,1.2673,Not Sharing,Follow
NO.274,DayBunThank,1.2663,Not Sharing,Follow
NO.275,CageBodyClick,1.2646,Not Sharing,Follow
NO.276,BrownBeachCircle,1.2462,Not Sharing,Follow
NO.277,BowlBowChalk,1.2451,Not Sharing,Follow
NO.278,BallClockCake,1.2396,Not Sharing,Follow
NO.279,AwayTennisCity,1.2293,Not Sharing,Follow
NO.280,ThirtyGroundVery,1.2265,Not Sharing,Follow
NO.281,CoffeeBecauseHappen,1.2244,Not Sharing,Follow
NO.282,BothClearWise,1.2237,Not Sharing,Follow
NO.283,TasteGameCoffee,1.2113,Not Sharing,Follow
NO.284,MarchMealMeet,1.2093,Not Sharing,Follow
NO.285,VoiceVacationCheap,1.2066,Not Sharing,Follow
NO.286,BedroomCapSupermarket,1.1973,Not Sharing,Follow
NO.287,HamGlueWall,1.1968,Not Sharing,Follow
NO.288,BornStupidSubject,1.1846,Not Sharing,Follow
NO.289,VacationChurchGoose,1.1801,Not Sharing,Follow
NO.290,TeacherDearThursday,1.1715,Not Sharing,Follow
NO.291,LikeApython,1.1682,Not Sharing,Follow
NO.292,ClothesTwoAnimal,1.1654,Not Sharing,Follow
NO.293,BusTyphoonTell,1.1622,Not Sharing,Follow
NO.294,TwentiethTeenagerDecide,1.1615,Not Sharing,Follow
NO.295,BoredTreatMail,1.1587,Not Sharing,Follow
NO.296,TasteBathCareful,1.1584,Not Sharing,Follow
NO.297,TeamChessBath,1.1573,Not Sharing,Follow
NO.298,BearMatToast,1.1543,Not Sharing,Follow
NO.299,GasAlreadyCenter,1.1543,Not Sharing,Follow
NO.300,ABCDEFGHIJ,1.1513,Not Sharing,Follow
NO.301,elevencoins,1.1475,Not Sharing,Follow
NO.302,StupidSoccerTemple,1.1462,Not Sharing,Follow
NO.303,回本就跑,1.1388,Not Sharing,Follow
NO.304,RopeThoseBelt,1.1356,Not Sharing,Follow
NO.305,AlwaysAcrossUsually,1.1318,Not Sharing,Follow
NO.306,CrazyBagBake,1.1309,Not Sharing,Follow
NO.307,CapTrainTwice,1.1271,Not Sharing,Follow
NO.308,CuteWeekBow,1.1268,Not Sharing,Follow
NO.309,jspree,1.1267,Not Sharing,Follow
NO.310,BlindWhereTool,1.1124,Not Sharing,Follow
NO.311,BakeryTerribleGuess,1.1114,Not Sharing,Follow
NO.312,SkirtThirstyClassmate,1.1107,Not Sharing,Follow
NO.313,CageGuyTurkey,1.1065,Not Sharing,Follow
NO.314,MayGreenComputer,1.1039,Not Sharing,Follow
NO.315,TrafficTomorrowMeat,1.0988,Not Sharing,Follow
NO.316,ThirteenDepartmentHabit,1.0963,Not Sharing,Follow
NO.317,BecauseButDepartment,1.0958,Not Sharing,Follow
NO.318,BornMadWorry,1.0935,Not Sharing,Follow
NO.319,WakeTeamCatch,1.0866,Not Sharing,Follow
NO.320,TeacherBadmintonAfter,1.0785,Not Sharing,Follow
NO.321,ClassroomThisSheep,1.0775,Not Sharing,Follow
NO.322,CheckApartmentThan,1.0737,Not Sharing,Follow
NO.323,ToeBookstoreGrass,1.0670,Not Sharing,Follow
NO.324,BasketTidyCheap,1.0641,Not Sharing,Follow
NO.325,BelongBookComputer,1.0627,Not Sharing,Follow
NO.326,GasDayBottle,1.0613,Not Sharing,Follow
NO.327,AngleThroatAutumn,1.0558,Not Sharing,Follow
NO.328,ClassCoatGiant,1.0545,Not Sharing,Follow
NO.329,SugarMillionBuild,1.0456,Not Sharing,Follow
NO.330,BikeGuavaMan,1.0405,Not Sharing,Follow
NO.331,WaitTwentyMean,1.0403,Not Sharing,Follow
NO.332,TwoWhyBed,1.0358,Not Sharing,Follow
NO.333,SwimWarmBlind,1.0343,Not Sharing,Follow
NO.334,StevensPey,1.0329,Not Sharing,Follow
NO.335,MailAlwaysCall,1.0309,Not Sharing,Follow
NO.336,WhichTurkeySwim,1.0305,Not Sharing,Follow
NO.337,SharkStupidClassmate,1.0280,Not Sharing,Follow
NO.338,BedBakeryBack,1.0164,Not Sharing,Follow
NO.339,TelephoneTigerMath,1.0155,Not Sharing,Follow
NO.340,TimeToastWarm,1.0143,Not Sharing,Follow
NO.341,ChildMagicCard,1.0104,Not Sharing,Follow
NO.342,ClassmateAprilHamburger,1.0029,Not Sharing,Follow
NO.343,TimeClockAutumn,0.9976,Not Sharing,Follow
NO.344,DecemberUnderGarbage,0.9927,Not Sharing,Follow
NO.345,WorryToeConvenient,0.9886,Not Sharing,Follow
NO.346,TenGiveCousin,0.9790,Not Sharing,Follow
NO.347,AheadMachineBasket,0.9726,Not Sharing,Follow
NO.348,HobbitHabit,0.9684,Not Sharing,Follow
NO.349,BuildTeacherCake,0.9667,Not Sharing,Follow
NO.350,MatClubBath,0.9571,Not Sharing,Follow
NO.351,fruitpunch,0.9563,Not Sharing,Follow
NO.352,DanceAutumnBadminton,0.9550,Not Sharing,Follow
NO.353,BackSweaterApple,0.9486,Not Sharing,Follow
NO.354,BuildVisitGram,0.9474,Not Sharing,Follow
NO.355,WhenCountryAir,0.9437,Not Sharing,Follow
NO.356,髒cc,0.9401,Not Sharing,Follow
NO.357,VisitTrickWorry,0.9366,Not Sharing,Follow
NO.358,GlassesChocolateCorrect,0.9362,Not Sharing,Follow
NO.359,TeamBikeGarbage,0.9316,Not Sharing,Follow
NO.360,CentimeterMatBe,0.9316,Not Sharing,Follow
NO.361,GreatMadSheep,0.9292,Not Sharing,Follow
NO.362,BatCornerWaiter,0.9291,Not Sharing,Follow
NO.363,AgeRoseGlue,0.9267,Not Sharing,Follow
NO.364,CouchUncleArrive,0.9236,Not Sharing,Follow
NO.365,WorkGrayMarket,0.9224,Not Sharing,Follow
NO.366,BankUsuallyTwelfth,0.9181,Not Sharing,Follow
NO.367,DearBringBaseball,0.9172,Not Sharing,Follow
NO.368,ThousandBrownTyphoon,0.9172,Not Sharing,Follow
NO.369,CouchSharkWinter,0.9165,Not Sharing,Follow
NO.370,ChopsticksSunCircle,0.9142,Not Sharing,Follow
NO.371,AlwaysDateMind,0.9139,Not Sharing,Follow
NO.372,SwimClockBuild,0.9127,Not Sharing,Follow
NO.373,WhereBelieveTelevision,0.9108,Not Sharing,Follow
NO.374,TicketBreakTest,0.8986,Not Sharing,Follow
NO.375,BlockTakeAbroad,0.8984,Not Sharing,Follow
NO.376,HallowTieWinter,0.8946,Not Sharing,Follow
NO.377,DecideCountyCard,0.8911,Not Sharing,Follow
NO.378,AprilSoccerDaughter,0.8888,Not Sharing,Follow
NO.379,GiftBodyVacation,0.8858,Not Sharing,Follow
NO.380,TrafficWestDark,0.8832,Not Sharing,Follow
NO.381,YardClassmateBasketball,0.8829,Not Sharing,Follow
NO.382,WhatCourseAir,0.8792,Not Sharing,Follow
NO.383,BeTeacherCandy,0.8776,Not Sharing,Follow
NO.384,BottomCapArm,0.8762,Not Sharing,Follow
NO.385,SharkTennisBedroom,0.8762,Not Sharing,Follow
NO.386,CountCarBelow,0.8749,Not Sharing,Follow
NO.387,AngelUniformBowl,0.8722,Not Sharing,Follow
NO.388,MeanGlueConvenient,0.8675,Not Sharing,Follow
NO.389,BreakfastGroupClose,0.8658,Not Sharing,Follow
NO.390,ClickAheadBank,0.8608,Not Sharing,Follow
NO.391,TrafficGirlCoffee,0.8580,Not Sharing,Follow
NO.392,WithGlassesWhy,0.8562,Not Sharing,Follow
NO.393,BasketMarriedWhose,0.8556,Not Sharing,Follow
NO.394,ColorWestCost,0.8541,Not Sharing,Follow
NO.395,WhereWaiterGoat,0.8540,Not Sharing,Follow
NO.396,ComputerVisitCap,0.8531,Not Sharing,Follow
NO.397,WhoseGiantWatch,0.8462,Not Sharing,Follow
NO.398,WorkerTeenagerMeet,0.8368,Not Sharing,Follow
NO.399,BothWithCheese,0.8360,Not Sharing,Follow
NO.400,SweaterBellTable,0.8296,Not Sharing,Follow
NO.401,VeryCapWatch,0.8287,Not Sharing,Follow
NO.402,BoilButterflyArrive,0.8264,Not Sharing,Follow
NO.403,YellowGreenBelong,0.8215,Not Sharing,Follow
NO.404,GlueTwiceYes,0.8193,Not Sharing,Follow
NO.405,WhatGarbageCandy,0.8166,Not Sharing,Follow
NO.406,MarketBusinessClean,0.8164,Not Sharing,Follow
NO.407,BreakAgoBrown,0.8153,Not Sharing,Follow
NO.408,AlongSkyGift,0.8135,Not Sharing,Follow
NO.409,DangerousWorldBike,0.8124,Not Sharing,Follow
NO.410,GloveCapHabit,0.8108,Not Sharing,Follow
NO.411,TooBorrowCrazy,0.8097,Not Sharing,Follow
NO.412,IwillAlwaysLong,0.8096,Not Sharing,Follow
NO.413,WhichToyThough,0.8082,Not Sharing,Follow
NO.414,TailAboutMeeting,0.8072,Not Sharing,Follow
NO.415,WinterMarkGet,0.8062,Not Sharing,Follow
NO.416,GreenBarbecueTenth,0.8048,Not Sharing,Follow
NO.417,MailSheepTidy,0.8014,Not Sharing,Follow
NO.418,WeekAgeBand,0.7921,Not Sharing,Follow
NO.419,币圈子路,0.7919,Not Sharing,Follow
NO.420,BugAppleBank,0.7856,Not Sharing,Follow
NO.421,TrashWhetherBook,0.7827,Not Sharing,Follow
NO.422,SurpriseMarkerTrain,0.7826,Not Sharing,Follow
NO.423,TeaTerribleWriter,0.7815,Not Sharing,Follow
NO.424,AfternoonWatchBlind,0.7801,Not Sharing,Follow
NO.425,StudyChanceMath,0.7782,Not Sharing,Follow
NO.426,BoringWashWeekend,0.7721,Not Sharing,Follow
NO.427,ThrowMatterBench,0.7702,Not Sharing,Follow
NO.428,KushAdeshra,0.7662,Not Sharing,Follow
NO.429,WeekBreakTheater,0.7568,Not Sharing,Follow
NO.430,TwelveSheepWatch,0.7551,Not Sharing,Follow
NO.431,CryTelevisionMean,0.7549,Not Sharing,Follow
NO.432,GiantMindCar,0.7538,Not Sharing,Follow
NO.433,RoseChurchSummer,0.7529,Not Sharing,Follow
NO.434,ClockBeeMind,0.7527,Not Sharing,Follow
NO.435,YardWriteShark,0.7513,Not Sharing,Follow
NO.436,AwayClassmateHam,0.7509,Not Sharing,Follow
NO.437,AnswerUntilClassroom,0.7501,Not Sharing,Follow
NO.438,SwingDecideGrow,0.7496,Not Sharing,Follow
NO.439,CookieBigTest,0.7496,Not Sharing,Follow
NO.440,TurtleHamCoat,0.7490,Not Sharing,Follow
NO.441,CheeseDaughterTop,0.7464,Not Sharing,Follow
NO.442,GlueBakeWinter,0.7439,Not Sharing,Follow
NO.443,ChopsticksGiftWinter,0.7439,Not Sharing,Follow
NO.444,CousinTwelveAlways,0.7435,Not Sharing,Follow
NO.445,AroundCandyWarm,0.7413,Not Sharing,Follow
NO.446,WorkTowelTurn,0.7388,Not Sharing,Follow
NO.447,MathWifeTest,0.7383,Not Sharing,Follow
NO.448,ThursdayCapCandle,0.7380,Not Sharing,Follow
NO.449,ThousandCentimeterBorn,0.7360,Not Sharing,Follow
NO.450,CountyAgeClothes,0.7360,Not Sharing,Follow
NO.451,TopWaitTreat,0.7358,Not Sharing,Follow
NO.452,WinterBreakBread,0.7357,Not Sharing,Follow
NO.453,BiteWhyAngle,0.7353,Not Sharing,Follow
NO.454,WelcomeCokeBrown,0.7313,Not Sharing,Follow
NO.455,AlmostCircleBite,0.7308,Not Sharing,Follow
NO.456,WrongCourseCar,0.7232,Not Sharing,Follow
NO.457,ClothesMailHand,0.7222,Not Sharing,Follow
NO.458,ComputerWaterBusinessman,0.7218,Not Sharing,Follow
NO.459,BasketballCountryWinter,0.7203,Not Sharing,Follow
NO.460,CookBowBakery,0.7202,Not Sharing,Follow
NO.461,BusyAlwaysAngle,0.7141,Not Sharing,Follow
NO.462,WorkbookSheepChurch,0.7138,Not Sharing,Follow
NO.463,AnyoneHandsomeThirteen,0.7106,Not Sharing,Follow
NO.464,ClickGlassGround,0.7104,Not Sharing,Follow
NO.465,HappyBookGroup,0.7089,Not Sharing,Follow
NO.466,TeachMeanUnder,0.7050,Not Sharing,Follow
NO.467,BlueTopThirteen,0.7032,Not Sharing,Follow
NO.468,ButterComicUnderstand,0.7018,Not Sharing,Follow
NO.469,WatchCleanTwentieth,0.7010,Not Sharing,Follow
NO.470,BowBackConvenient,0.6998,Not Sharing,Follow
NO.471,TerribleCatHamburger,0.6994,Not Sharing,Follow
NO.472,MoonDawg,0.6965,Not Sharing,Follow
NO.473,AirplaneDayTwo,0.6930,Not Sharing,Follow
NO.474,TrickGrayMilk,0.6915,Not Sharing,Follow
NO.475,TestCopyShare,0.6892,Not Sharing,Follow
NO.476,GrassAnythingWorld,0.6875,Not Sharing,Follow
NO.477,WhereVestMarker,0.6843,Not Sharing,Follow
NO.478,M****readyWhat,0.6841,Not Sharing,Follow
NO.479,BottomHandsomeBut,0.6832,Not Sharing,Follow
NO.480,TopBatClothes,0.6793,Not Sharing,Follow
NO.481,BandTurkeyBelt,0.6717,Not Sharing,Follow
NO.482,BowBasketBook,0.6714,Not Sharing,Follow
NO.483,BridgeSugarAlready,0.6700,Not Sharing,Follow
NO.484,ConvenientThousandWith,0.6695,Not Sharing,Follow
NO.485,Maybs,0.6685,Not Sharing,Follow
NO.486,AbroadMedicineChalk,0.6668,Not Sharing,Follow
NO.487,CentCountyMeal,0.6645,Not Sharing,Follow
NO.488,VacationBreakfastVisit,0.6636,Not Sharing,Follow
NO.489,BlanketWithGhost,0.6626,Not Sharing,Follow
NO.490,WelcomeWindowTaste,0.6624,Not Sharing,Follow
NO.491,CapWithCute,0.6618,Not Sharing,Follow
NO.492,CoffeeTelevisionTogether,0.6578,Not Sharing,Follow
NO.493,TurtleBetweenCopy,0.6467,Not Sharing,Follow
NO.494,GuyVegetableBadminton,0.6447,Not Sharing,Follow
NO.495,BalconyWorkBored,0.6444,Not Sharing,Follow
NO.496,BirthdaySwimCandle,0.6431,Not Sharing,Follow
NO.497,TyphoonTotalClothes,0.6404,Not Sharing,Follow
NO.498,BirthdayTiredTell,0.6397,Not Sharing,Follow
NO.499,SurprisedDecideHabit,0.6345,Not Sharing,Follow
NO.500,WishThroatWhich,0.6333,Not Sharing,Follow
