NO.1,CheapGroundChange,"102,061.0769%",Not Sharing,Follow
NO.2,JucheWay,"60,293.5336%",Not Sharing,Follow
NO.3,DaughterChickenChance,"53,954.3867%",Not Sharing,Follow
NO.4,WillWiseGiant,"20,133.9191%",Sharing,Follow
NO.5,ToeTeacherBoth,"18,436.9810%",Not Sharing,Follow
NO.6,TasteTwiceSweet,"14,742.0608%",Not Sharing,Follow
NO.7,ChooseDarkTiger,"12,607.5998%",Not Sharing,Follow
NO.8,WorkbookThirteenthGrandmother,"12,203.2596%",Not Sharing,Follow
NO.9,TidyBusinessmanWhat,"11,010.8897%",Not Sharing,Follow
NO.10,MaybeClockCoke,"10,684.1385%",Not Sharing,Follow
NO.11,ButterAllBasket,"10,261.9789%",Not Sharing,Follow
NO.12,BrightSurfBathroom,"10,050.9436%",Not Sharing,Follow
NO.13,ThirteenTableCry,"10,000.0079%",Not Sharing,Follow
NO.14,BasketballMeatMatter,"9,917.3848%",Not Sharing,Follow
NO.15,AlwaysBodyWindy,"9,297.2395%",Not Sharing,Follow
NO.16,MindSunkGive,"8,529.0040%",Not Sharing,Follow
NO.17,BlueTrainBrush,"6,964.5596%",Not Sharing,Follow
NO.18,BusyBowAbroad,"6,940.1688%",Not Sharing,Follow
NO.19,CryClubMarket,"6,480.8006%",Not Sharing,Follow
NO.20,ShareChairSweater,"6,326.3783%",Not Sharing,Follow
NO.21,HangUnderAngle,"6,308.7449%",Not Sharing,Follow
NO.22,VacationCrossSocks,"6,240.4200%",Not Sharing,Follow
NO.23,RoseThirteenMind,"6,222.0125%",Not Sharing,Follow
NO.24,HamburgerMilkAlong,"5,947.3475%",Not Sharing,Follow
NO.25,GrandfatherTypeAlmost,"5,918.8141%",Not Sharing,Follow
NO.26,SummerMealCheck,"5,444.2461%",Not Sharing,Follow
NO.27,TasteCheerChess,"4,162.3338%",Not Sharing,Follow
NO.28,AfraidBecauseBottom,"4,077.8879%",Not Sharing,Follow
NO.29,CryBlanketAll,"3,976.9589%",Not Sharing,Follow
NO.30,ComputerSurprisedToe,"3,668.2661%",Not Sharing,Follow
NO.31,LunchMatterBike,"3,181.3071%",Not Sharing,Follow
NO.32,TeacherBadBoy,"2,999.7125%",Not Sharing,Follow
NO.33,BornBreakfastWrite,"2,906.1095%",Not Sharing,Follow
NO.34,ChocolateTempleHang,"2,746.3189%",Not Sharing,Follow
NO.35,GuitarTeaBreak,"2,693.8216%",Not Sharing,Follow
NO.36,GlassComfortableBowl,"2,628.9074%",Not Sharing,Follow
NO.37,ToyTwiceTomato,"2,419.7916%",Not Sharing,Follow
NO.38,ClassroomWorkThird,"2,337.1991%",Not Sharing,Follow
NO.39,CheerGreenBookstore,"2,229.4616%",Not Sharing,Follow
NO.40,TapeDecideAway,"2,207.9113%",Not Sharing,Follow
NO.41,chulchul,"2,057.0905%",Not Sharing,Follow
NO.42,AprilBoxWoman,"2,048.3952%",Not Sharing,Follow
NO.43,MindSheTaxi,"2,045.5447%",Not Sharing,Follow
NO.44,CountryGarbageRose,"1,998.9092%",Not Sharing,Follow
NO.45,BodyWonderfulAlmost,"1,978.9052%",Not Sharing,Follow
NO.46,MatterCoffeeCold,"1,750.2136%",Not Sharing,Follow
NO.47,SupermarketChairDecember,"1,673.9821%",Not Sharing,Follow
NO.48,SheepTrickWith,"1,636.1067%",Not Sharing,Follow
NO.49,AutumnBankMillion,"1,613.2733%",Not Sharing,Follow
NO.50,ToeGreenUntil,"1,530.9395%",Not Sharing,Follow
NO.51,AgarthaAsgard,"1,502.9689%",Not Sharing,Follow
NO.52,PowerToDay,"1,475.3823%",Not Sharing,Follow
NO.53,BlindThroatCheer,"1,448.3180%",Not Sharing,Follow
NO.54,AlongTwoBe,"1,441.5977%",Not Sharing,Follow
NO.55,MapConvenientChange,"1,436.1341%",Not Sharing,Follow
NO.56,UsefulCrossLunch,"1,419.5283%",Not Sharing,Follow
NO.57,GrandfatherChickenCounty,"1,407.6414%",Not Sharing,Follow
NO.58,AbroadDepartmentGoose,"1,397.4538%",Not Sharing,Follow
NO.59,BigBalconyBody,"1,303.2519%",Not Sharing,Follow
NO.60,ThrowAgoChild,"1,268.9003%",Not Sharing,Follow
NO.61,TellWeekAble,"1,235.8648%",Not Sharing,Follow
NO.62,VacationDaughterStudy,"1,198.2507%",Not Sharing,Follow
NO.63,GlueGrassCourse,"1,191.2972%",Not Sharing,Follow
NO.64,BandTempleBug,"1,178.2327%",Not Sharing,Follow
NO.65,CheckMarchClub,"1,173.5186%",Not Sharing,Follow
NO.66,TripBusinessmanClick,"1,092.2491%",Not Sharing,Follow
NO.67,WaitMatterGrape,"1,090.2756%",Not Sharing,Follow
NO.68,WishSkirtAcross,"1,075.2173%",Not Sharing,Follow
NO.69,幸存者阿蒙,"1,054.0048%",Not Sharing,Follow
NO.70,BarbecueAlmostSummer,"1,032.2279%",Not Sharing,Follow
NO.71,TicketShareCover,"1,032.1043%",Not Sharing,Follow
NO.72,BookstoreWaiterCap,"1,010.1198%",Not Sharing,Follow
NO.73,BusinessmanWinCourse,"1,005.6835%",Not Sharing,Follow
NO.74,CityUsefulRound,"1,000.0000%",Not Sharing,Follow
NO.75,GramAnythingCounty,"1,000.0000%",Not Sharing,Follow
NO.76,WelcomeBreakComfortable,983.2346%,Not Sharing,Follow
NO.77,CornerArriveTie,972.4825%,Not Sharing,Follow
NO.78,KurdistanSwiss,966.1957%,Not Sharing,Follow
NO.79,ActressGradeThis,960.9621%,Not Sharing,Follow
NO.80,MarketCloudyCheap,947.1049%,Not Sharing,Follow
NO.81,DangerousCircleWhose,917.9451%,Not Sharing,Follow
NO.82,MathBuildCousin,915.9548%,Not Sharing,Follow
NO.83,CoatBurnBorn,910.8262%,Not Sharing,Follow
NO.84,CookBeachWhy,897.1226%,Not Sharing,Follow
NO.85,YesWorkBreakfast,885.4191%,Not Sharing,Follow
NO.86,LunchBigGuava,857.8689%,Not Sharing,Follow
NO.87,EncodeFX,831.5872%,Not Sharing,Follow
NO.88,CentClearFuture,816.5234%,Not Sharing,Follow
NO.89,Flametale,814.1361%,Not Sharing,Follow
NO.90,BatBottomCandle,810.7753%,Not Sharing,Follow
NO.91,TailUntilWarm,806.2952%,Not Sharing,Follow
NO.92,WishSheCheap,804.8919%,Not Sharing,Follow
NO.93,CoolBurnTogether,803.5418%,Not Sharing,Follow
NO.94,CentimeterTaxiThree,778.7421%,Not Sharing,Follow
NO.95,UnderstandDateLucky,761.3800%,Not Sharing,Follow
NO.96,BeltCoffeeWithout,754.9084%,Not Sharing,Follow
NO.97,SubjectMarchAgain,754.1825%,Not Sharing,Follow
NO.98,BikeCloudyWorld,723.1747%,Not Sharing,Follow
NO.99,CuteAgreeCar,716.8668%,Not Sharing,Follow
NO.100,WaitMeanCut,716.8487%,Not Sharing,Follow
NO.101,BedTurkeyWallet,701.7681%,Not Sharing,Follow
NO.102,TenSunAngel,699.4389%,Not Sharing,Follow
NO.103,GasButBarbecue,684.1030%,Not Sharing,Follow
NO.104,ClubClerkVacation,677.5828%,Not Sharing,Follow
NO.105,CloseTimeCake,673.6039%,Not Sharing,Follow
NO.106,TenWonderfulClear,672.5002%,Not Sharing,Follow
NO.107,GramBankGreat,667.8435%,Not Sharing,Follow
NO.108,six6666,665.0316%,Not Sharing,Follow
NO.109,TurtleTypeBridge,660.6933%,Not Sharing,Follow
NO.110,AutumnClearSunny,655.5175%,Not Sharing,Follow
NO.111,BeanBrushAlmost,652.1948%,Not Sharing,Follow
NO.112,SocksWorldWest,646.8639%,Not Sharing,Follow
NO.113,BasketTieFuture,635.9239%,Not Sharing,Follow
NO.114,TowelWinBadminton,635.3173%,Not Sharing,Follow
NO.115,BagHappyDark,634.6049%,Not Sharing,Follow
NO.116,ClimbManBoat,631.6410%,Not Sharing,Follow
NO.117,BoringLunchTable,626.3288%,Not Sharing,Follow
NO.118,MailBusinessmanAge,618.0498%,Not Sharing,Follow
NO.119,BeanWifeAngel,617.9748%,Not Sharing,Follow
NO.120,UnderGameTeenager,613.0970%,Not Sharing,Follow
NO.121,VacationMayChess,598.4523%,Not Sharing,Follow
NO.122,WishSunkCent,588.8754%,Not Sharing,Follow
NO.123,WhiteAfternoonWhere,585.2022%,Not Sharing,Follow
NO.124,HamburgerChooseColor,584.6160%,Not Sharing,Follow
NO.125,MillionTennisAgo,584.2046%,Not Sharing,Follow
NO.126,ThisBehindMeat,574.6510%,Not Sharing,Follow
NO.127,CatSunnyCap,572.8329%,Not Sharing,Follow
NO.128,BrushChickenTrick,570.6305%,Not Sharing,Follow
NO.129,AlreadyStayWish,562.9955%,Not Sharing,Follow
NO.130,AfterBeforeYellow,561.4855%,Not Sharing,Follow
NO.131,MayTouchHand,559.6619%,Not Sharing,Follow
NO.132,GuavaWindowTaste,559.1433%,Not Sharing,Follow
NO.133,BadmintonVestTurtle,557.0469%,Not Sharing,Follow
NO.134,DecemberTalkSurf,556.7830%,Not Sharing,Follow
NO.135,YellowTenthChocolate,553.5646%,Not Sharing,Follow
NO.136,BallDecemberTidy,547.7603%,Not Sharing,Follow
NO.137,GasWonderfulMay,540.4864%,Not Sharing,Follow
NO.138,HappenWhaleWhy,534.2695%,Not Sharing,Follow
NO.139,BirthdaySubjectMagic,530.3550%,Not Sharing,Follow
NO.140,CoffeeWeekendTree,528.0857%,Not Sharing,Follow
NO.141,v8Kompressor,515.3495%,Not Sharing,Follow
NO.142,BusyWeekendWindow,513.0275%,Not Sharing,Follow
NO.143,GloveGroundBehind,511.3658%,Not Sharing,Follow
NO.144,TyphoonTrickCountry,509.6614%,Not Sharing,Follow
NO.145,WetWorryWin,508.4958%,Not Sharing,Follow
NO.146,BottomWorkbookChicken,507.7340%,Not Sharing,Follow
NO.147,ManUncleMath,506.4079%,Not Sharing,Follow
NO.148,BreakAlmostAirport,501.5142%,Not Sharing,Follow
NO.149,BookToyGift,501.4255%,Not Sharing,Follow
NO.150,HamburgerWestAngle,500.0000%,Not Sharing,Follow
NO.151,CandleWindowGas,496.8910%,Not Sharing,Follow
NO.152,HappenAnyoneMap,496.5060%,Not Sharing,Follow
NO.153,WindyMealDance,483.0249%,Not Sharing,Follow
NO.154,PauloRiveiro,475.8891%,Sharing,Follow
NO.155,MarkTeamAirplane,475.3702%,Not Sharing,Follow
NO.156,CuteWishAirport,474.7462%,Not Sharing,Follow
NO.157,SwimGuyMeat,466.6194%,Not Sharing,Follow
NO.158,GuitarBusinessmanTalk,464.6575%,Not Sharing,Follow
NO.159,BasketballBesideGet,463.1242%,Not Sharing,Follow
NO.160,BusinessmanBananaBehind,456.6796%,Not Sharing,Follow
NO.161,AirComputerTyphoon,454.4099%,Not Sharing,Follow
NO.162,ClapBreadBeside,452.0408%,Not Sharing,Follow
NO.163,SureThreeMan,451.7197%,Not Sharing,Follow
NO.164,TeenagerBornGrass,450.0055%,Not Sharing,Follow
NO.165,BeachAnotherWith,447.6732%,Not Sharing,Follow
NO.166,BookstoreSubjectHang,447.6379%,Not Sharing,Follow
NO.167,TakeClothesMarket,440.7061%,Not Sharing,Follow
NO.168,DepartmentGuavaTell,437.7828%,Not Sharing,Follow
NO.169,WhenSurfGram,436.8749%,Not Sharing,Follow
NO.170,MadClubBall,436.0957%,Not Sharing,Follow
NO.171,BurnBallBusinessman,434.7765%,Not Sharing,Follow
NO.172,DozenAlwaysVest,434.4621%,Not Sharing,Follow
NO.173,CandyClothesThird,434.0287%,Not Sharing,Follow
NO.174,WonderfulMapUseful,433.2789%,Not Sharing,Follow
NO.175,DozenWifeTomorrow,432.6146%,Not Sharing,Follow
NO.176,MedicineGroupCoffee,429.9722%,Not Sharing,Follow
NO.177,BallSugarWindow,429.7910%,Not Sharing,Follow
NO.178,DearTreeBike,429.3325%,Not Sharing,Follow
NO.179,BenchCryBasketball,423.5696%,Not Sharing,Follow
NO.180,CorrectMinuteClean,422.9843%,Not Sharing,Follow
NO.181,BoatTurkeyAfter,422.0155%,Not Sharing,Follow
NO.182,TiredGroundCousin,421.7642%,Not Sharing,Follow
NO.183,AgeGoodbyeShark,418.7335%,Not Sharing,Follow
NO.184,CakeVegetableCowboy,415.8403%,Not Sharing,Follow
NO.185,LuckyTenBuild,415.5395%,Not Sharing,Follow
NO.186,StudyChurchTidy,413.7678%,Not Sharing,Follow
NO.187,HandDecemberTurkey,412.9842%,Not Sharing,Follow
NO.188,GuyTrafficGrade,412.8622%,Not Sharing,Follow
NO.189,MailTelephoneGreat,411.1973%,Not Sharing,Follow
NO.190,AcrossMarriedGiant,410.9735%,Not Sharing,Follow
NO.191,ToothMailAlmost,409.9973%,Not Sharing,Follow
NO.192,CoatWhatWithout,409.4635%,Not Sharing,Follow
NO.193,BellTouchMile,407.1816%,Not Sharing,Follow
NO.194,AllWeekMailman,407.1279%,Not Sharing,Follow
NO.195,WestSugarBehind,406.9772%,Not Sharing,Follow
NO.196,BeUsuallyCountry,406.6564%,Not Sharing,Follow
NO.197,BreakfastGrowCatch,405.5939%,Not Sharing,Follow
NO.198,MediumBecomeGym,400.3300%,Not Sharing,Follow
NO.199,WinterUseTeach,399.7234%,Not Sharing,Follow
NO.200,UnderstandMinuteCut,395.7224%,Not Sharing,Follow
NO.201,ActressMeetChange,394.0058%,Not Sharing,Follow
NO.202,TerribleVoiceTaxi,393.7366%,Not Sharing,Follow
NO.203,CheckCloseMeal,392.7558%,Not Sharing,Follow
NO.204,哈士奇,392.6557%,Not Sharing,Follow
NO.205,SheepWorkbookDozen,390.7334%,Not Sharing,Follow
NO.206,TwentiethAppleBike,389.6786%,Not Sharing,Follow
NO.207,AngleSobberGo,386.1715%,Not Sharing,Follow
NO.208,MailUnderWest,385.2622%,Not Sharing,Follow
NO.209,CopyCuteThursday,383.7858%,Not Sharing,Follow
NO.210,MedicineGiftApartment,383.4119%,Not Sharing,Follow
NO.211,GrandmotherCircleClub,382.6200%,Not Sharing,Follow
NO.212,TrashCowWell,382.4995%,Not Sharing,Follow
NO.213,AgeThousandBaseball,381.9974%,Not Sharing,Follow
NO.214,WinterAppleThirsty,380.3016%,Not Sharing,Follow
NO.215,AlwaysSwimGlove,378.1364%,Not Sharing,Follow
NO.216,CelebrateChangeBad,376.1691%,Not Sharing,Follow
NO.217,TypeCarryAhead,375.8819%,Not Sharing,Follow
NO.218,CommonDecideCandle,375.2063%,Not Sharing,Follow
NO.219,BusinessDecideBottle,374.3536%,Not Sharing,Follow
NO.220,CenterMillionSky,372.8169%,Not Sharing,Follow
NO.221,CoolGloveGlasses,372.8027%,Not Sharing,Follow
NO.222,CaseMarchAirplane,372.4640%,Not Sharing,Follow
NO.223,VerySharkSheep,371.7771%,Not Sharing,Follow
NO.224,CareGrapeThough,370.9743%,Not Sharing,Follow
NO.225,HandVideoWaiter,369.1689%,Not Sharing,Follow
NO.226,MeetingWomanBag,368.8923%,Not Sharing,Follow
NO.227,WantSugarStay,364.9236%,Not Sharing,Follow
NO.228,UseCastleBuild,364.4491%,Not Sharing,Follow
NO.229,RoseTooWife,362.9644%,Not Sharing,Follow
NO.230,MatChildBecome,361.6260%,Not Sharing,Follow
NO.231,GlassBookstoreAirplane,360.9379%,Not Sharing,Follow
NO.232,AppearHappenGuitar,360.8554%,Not Sharing,Follow
NO.233,CuteBusTennis,360.5196%,Not Sharing,Follow
NO.234,Johnny01day,357.7728%,Not Sharing,Follow
NO.235,BossBoyVideo,356.8492%,Not Sharing,Follow
NO.236,CommonMachineTemple,356.1692%,Not Sharing,Follow
NO.237,GrandfatherHamThirty,355.9101%,Not Sharing,Follow
NO.238,BySocksTomorrow,353.7110%,Not Sharing,Follow
NO.239,ChickenLong,352.0615%,Sharing,Follow
NO.240,HappyBelowDear,351.4818%,Not Sharing,Follow
NO.241,CountryCareCute,349.2109%,Not Sharing,Follow
NO.242,ThirteenthManHam,347.2333%,Not Sharing,Follow
NO.243,CentimeterMayTired,346.9086%,Not Sharing,Follow
NO.244,TailBagAirport,346.7256%,Not Sharing,Follow
NO.245,TwiceMadUmbrella,346.5889%,Not Sharing,Follow
NO.246,BaseballByBee,346.5653%,Not Sharing,Follow
NO.247,AirplaneDaughterThose,345.6971%,Not Sharing,Follow
NO.248,GrandfatherWifeWork,345.3208%,Not Sharing,Follow
NO.249,WarmGrayBath,344.0829%,Not Sharing,Follow
NO.250,RoundMarriedSwim,343.3900%,Not Sharing,Follow
NO.251,WarmVeryStudy,340.3039%,Not Sharing,Follow
NO.252,ChairSureShare,340.2926%,Not Sharing,Follow
NO.253,MeatDangerousCorrect,336.6478%,Not Sharing,Follow
NO.254,MapYellowAppear,336.3406%,Not Sharing,Follow
NO.255,BelongCookieDecember,334.9908%,Not Sharing,Follow
NO.256,WarmChristmasGive,334.2863%,Not Sharing,Follow
NO.257,HappenBusWaiter,333.8990%,Not Sharing,Follow
NO.258,ClothesYardStay,331.4719%,Not Sharing,Follow
NO.259,TeamThroatBee,331.2142%,Not Sharing,Follow
NO.260,ChairCheapBadminton,331.2002%,Not Sharing,Follow
NO.261,TeraFarm,331.1394%,Not Sharing,Follow
NO.262,BoredWorkDaughter,329.7698%,Not Sharing,Follow
NO.263,DaySunnyTenth,329.3228%,Not Sharing,Follow
NO.264,WriteConvenientChopsticks,328.9140%,Not Sharing,Follow
NO.265,SureGiantCap,327.5367%,Not Sharing,Follow
NO.266,BiteBeefHair,326.6737%,Not Sharing,Follow
NO.267,TreeThirdUmbrella,325.7135%,Not Sharing,Follow
NO.268,WetWinterBuild,324.1529%,Not Sharing,Follow
NO.269,WindySunkWant,323.5215%,Not Sharing,Follow
NO.270,SheCowTwenty,318.7892%,Not Sharing,Follow
NO.271,WomanTrainTidy,318.2811%,Not Sharing,Follow
NO.272,MayBelieveGarden,317.5363%,Not Sharing,Follow
NO.273,BagTwelfthChicken,317.5353%,Not Sharing,Follow
NO.274,YearWinterUnhappy,316.7549%,Not Sharing,Follow
NO.275,SweetSobberDepartment,315.5028%,Not Sharing,Follow
NO.276,WithTelevisionWall,314.5396%,Not Sharing,Follow
NO.277,AbleWhichCowboy,314.4091%,Not Sharing,Follow
NO.278,AboutBrownMean,313.8744%,Not Sharing,Follow
NO.279,Drav,312.1643%,Not Sharing,Follow
NO.280,BugBeeTape,312.0867%,Not Sharing,Follow
NO.281,DayClassmateHang,311.9054%,Not Sharing,Follow
NO.282,MaybeTieAcross,310.5797%,Not Sharing,Follow
NO.283,TwoTodayComputer,309.9053%,Not Sharing,Follow
NO.284,DanceThanArm,309.6790%,Not Sharing,Follow
NO.285,LunchBrownCookie,309.0956%,Not Sharing,Follow
NO.286,BottleBasketCorner,308.2146%,Not Sharing,Follow
NO.287,BecomeBakeWriter,308.1032%,Not Sharing,Follow
NO.288,TeenagerMarkerThirsty,308.0567%,Not Sharing,Follow
NO.289,SheTwoGuava,306.3644%,Not Sharing,Follow
NO.290,AirportChooseBoil,305.1063%,Not Sharing,Follow
NO.291,WindyClearTwelve,304.9041%,Not Sharing,Follow
NO.292,MatterMarkerThrow,301.8877%,Not Sharing,Follow
NO.293,BusBlueDance,300.4494%,Not Sharing,Follow
NO.294,TennisLunchCheap,300.3305%,Not Sharing,Follow
NO.295,CatchTapeWash,297.7455%,Not Sharing,Follow
NO.296,TeachClapBench,297.0882%,Not Sharing,Follow
NO.297,ThankGuyTaxi,296.9737%,Not Sharing,Follow
NO.298,ToeCutGroup,296.3573%,Not Sharing,Follow
NO.299,ChurchChanceAcross,295.2891%,Not Sharing,Follow
NO.300,BlindAnyoneThousand,295.0346%,Not Sharing,Follow
NO.301,ChristmasColdDaughter,294.8207%,Not Sharing,Follow
NO.302,BuyTasteTime,294.7487%,Not Sharing,Follow
NO.303,SupermarketBugTelephone,294.5496%,Not Sharing,Follow
NO.304,SoccerTenthWelcome,294.4421%,Not Sharing,Follow
NO.305,WillTowelWash,294.1671%,Not Sharing,Follow
NO.306,BeginDepartmentAngel,293.7227%,Not Sharing,Follow
NO.307,NDizzle,293.6491%,Not Sharing,Follow
NO.308,CityBehindThroat,291.5476%,Not Sharing,Follow
NO.309,RoundChristmasGrow,291.4980%,Not Sharing,Follow
NO.310,TrainTellBedroom,290.9217%,Not Sharing,Follow
NO.311,UpBiteWater,289.5621%,Not Sharing,Follow
NO.312,BowlRopeTomato,289.4656%,Not Sharing,Follow
NO.313,DangerousThoughToo,288.9944%,Not Sharing,Follow
NO.314,ToolGrandfatherChicken,287.5870%,Not Sharing,Follow
NO.315,CowboyClothesAirplane,287.4637%,Not Sharing,Follow
NO.316,BreakToyCold,287.0640%,Not Sharing,Follow
NO.317,ThroatGiveWrite,285.6668%,Not Sharing,Follow
NO.318,VideoSuccessfulTwo,285.6474%,Not Sharing,Follow
NO.319,BecomeDentistMean,285.4605%,Not Sharing,Follow
NO.320,TeaMindTomato,284.1161%,Not Sharing,Follow
NO.321,RafalBielenia,284.1074%,Sharing,Follow
NO.322,AirportSweaterMeal,283.9461%,Not Sharing,Follow
NO.323,TellToolCar,283.8251%,Not Sharing,Follow
NO.324,TeachMenuAgree,283.6118%,Not Sharing,Follow
NO.325,TeachTailBreak,283.1804%,Not Sharing,Follow
NO.326,ToastTopBee,282.9101%,Sharing,Follow
NO.327,WhetherArmClub,281.1147%,Not Sharing,Follow
NO.328,TypeUntilAgain,280.7741%,Not Sharing,Follow
NO.329,BagAlreadyBrother,279.8618%,Not Sharing,Follow
NO.330,MarchCatCircle,279.2422%,Not Sharing,Follow
NO.331,TrashCallChild,278.5968%,Not Sharing,Follow
NO.332,MeanViolinAnimal,278.3316%,Not Sharing,Follow
NO.333,BreakGuitarCheese,277.8317%,Not Sharing,Follow
NO.334,ThirstyWiseBeautiful,277.0558%,Not Sharing,Follow
NO.335,ButComeCake,276.1816%,Not Sharing,Follow
NO.336,VegetableBalconyToo,276.1321%,Not Sharing,Follow
NO.337,AcrossBowMenu,275.1230%,Not Sharing,Follow
NO.338,ThisTripCard,274.2653%,Not Sharing,Follow
NO.339,BelongTurnHang,274.0069%,Not Sharing,Follow
NO.340,AngryBeeUnder,273.8367%,Not Sharing,Follow
NO.341,VeryCutBreakfast,272.5343%,Not Sharing,Follow
NO.342,ClassroomBottleMenu,272.0992%,Not Sharing,Follow
NO.343,TomorrowCleanTired,272.0689%,Not Sharing,Follow
NO.344,MrWater,271.9239%,Not Sharing,Follow
NO.345,igoterektion,271.7150%,Not Sharing,Follow
NO.346,MeetSweaterGift,271.4586%,Not Sharing,Follow
NO.347,TrashCandleBean,270.3825%,Not Sharing,Follow
NO.348,CheapWaiterArrive,270.3278%,Not Sharing,Follow
NO.349,ChildTwentyWaiter,270.1991%,Not Sharing,Follow
NO.350,WelcomeClerkCell,269.0523%,Not Sharing,Follow
NO.351,SunnyAheadMake,268.3318%,Not Sharing,Follow
NO.352,ManAboutWhether,268.0279%,Not Sharing,Follow
NO.353,BehindBetweenTowel,266.6858%,Not Sharing,Follow
NO.354,WinterCheeseUniform,266.2274%,Not Sharing,Follow
NO.355,UmbrellaChopsticksChild,265.7014%,Not Sharing,Follow
NO.356,VoiceMilkButter,265.0373%,Not Sharing,Follow
NO.357,TerribleBeanSoccer,264.7775%,Not Sharing,Follow
NO.358,MakeItAllBack,264.3226%,Sharing,Follow
NO.359,CleanBugComb,264.0239%,Not Sharing,Follow
NO.360,VirgoKhan,263.9559%,Not Sharing,Follow
NO.361,BoringCopyTonight,263.7014%,Not Sharing,Follow
NO.362,ToeWindSurprised,263.4228%,Not Sharing,Follow
NO.363,TopThanTrash,263.3574%,Not Sharing,Follow
NO.364,TelevisionBlindCloudy,263.2973%,Not Sharing,Follow
NO.365,WhichBellMarried,262.7226%,Not Sharing,Follow
NO.366,CatchClassmateTell,262.5279%,Not Sharing,Follow
NO.367,WithClickLunch,262.1627%,Not Sharing,Follow
NO.368,ThisWeekendWithout,261.8600%,Not Sharing,Follow
NO.369,VideoTapeTake,261.6079%,Not Sharing,Follow
NO.370,Illuminati16,261.2307%,Sharing,Follow
NO.371,BadmintonAppearWatch,260.9599%,Not Sharing,Follow
NO.372,SunnyBellTime,260.2434%,Not Sharing,Follow
NO.373,CardGroupStupid,260.1262%,Not Sharing,Follow
NO.374,CardVestBathroom,259.8112%,Not Sharing,Follow
NO.375,WhichCarryGarbage,259.1146%,Not Sharing,Follow
NO.376,ActressDentistWoman,259.0108%,Not Sharing,Follow
NO.377,BetweenDozenAnimal,258.7690%,Not Sharing,Follow
NO.378,ComeCountyGirl,258.7636%,Not Sharing,Follow
NO.379,ManGradeSky,258.0113%,Not Sharing,Follow
NO.380,CorrectUseClassmate,257.7332%,Not Sharing,Follow
NO.381,TurkeyThroatBring,257.3418%,Not Sharing,Follow
NO.382,MarkerWriteTotal,257.2194%,Not Sharing,Follow
NO.383,ColorAngryViolin,257.0971%,Not Sharing,Follow
NO.384,BearCupSurf,256.6837%,Not Sharing,Follow
NO.385,CornerComputerDaughter,256.6522%,Not Sharing,Follow
NO.386,ThreeBreadBottom,256.3815%,Not Sharing,Follow
NO.387,AbleGrassHang,255.6778%,Not Sharing,Follow
NO.388,BottleBeachWorry,253.8582%,Not Sharing,Follow
NO.389,MarkerCokeBelow,253.7650%,Not Sharing,Follow
NO.390,GreenThirdWall,253.5990%,Not Sharing,Follow
NO.391,BookstoreBunAble,253.5123%,Not Sharing,Follow
NO.392,TennisGrandmotherGarbage,253.4435%,Not Sharing,Follow
NO.393,MagicSweetThree,253.3150%,Not Sharing,Follow
NO.394,ZeroPercent,253.2848%,Not Sharing,Follow
NO.395,HandSheChance,253.0921%,Not Sharing,Follow
NO.396,WeekendGrandmotherHappen,252.8488%,Not Sharing,Follow
NO.397,TempleSunUp,252.3684%,Not Sharing,Follow
NO.398,CatchBakeryChair,252.3424%,Not Sharing,Follow
NO.399,HairTeacherBoring,251.5465%,Not Sharing,Follow
NO.400,BugMarkGrass,250.7261%,Not Sharing,Follow
NO.401,BusCageAlong,250.4419%,Not Sharing,Follow
NO.402,BallCentUse,250.4189%,Not Sharing,Follow
NO.403,LunchBecomeStudy,249.9736%,Not Sharing,Follow
NO.404,HairChurchBusinessman,249.8432%,Not Sharing,Follow
NO.405,MeanWorldCat,249.4692%,Not Sharing,Follow
NO.406,ChalkClapWrong,249.3375%,Not Sharing,Follow
NO.407,BeautifulSupermarketBell,249.2646%,Not Sharing,Follow
NO.408,AirportActressMany,249.1218%,Not Sharing,Follow
NO.409,WithArriveHalf,248.8396%,Not Sharing,Follow
NO.410,HallowGreatBut,248.6368%,Not Sharing,Follow
NO.411,BugCouchColor,247.9738%,Not Sharing,Follow
NO.412,TwoHandsomeVisit,247.9573%,Not Sharing,Follow
NO.413,TurkeyTypeWaiter,247.3642%,Not Sharing,Follow
NO.414,AgreeWithBow,247.2104%,Not Sharing,Follow
NO.415,UnderstandMailmanSwing,246.9852%,Not Sharing,Follow
NO.416,BlueTrafficCarry,246.7489%,Not Sharing,Follow
NO.417,HandBeachWhose,246.6868%,Not Sharing,Follow
NO.418,SurpriseActressCorrect,246.5618%,Not Sharing,Follow
NO.419,SkyApartmentAbout,246.4737%,Not Sharing,Follow
NO.420,ApartmentBringGift,246.1196%,Not Sharing,Follow
NO.421,CarrySummerMail,246.0161%,Not Sharing,Follow
NO.422,ClickTeacherTyphoon,245.0123%,Not Sharing,Follow
NO.423,BathVoiceToe,244.9349%,Not Sharing,Follow
NO.424,BathroomStayTiger,244.1033%,Not Sharing,Follow
NO.425,HallowManyMean,243.0774%,Not Sharing,Follow
NO.426,BreakfastAppleWish,242.8625%,Not Sharing,Follow
NO.427,MagicBuyMeat,242.7750%,Not Sharing,Follow
NO.428,TypeCarryWithout,242.5881%,Not Sharing,Follow
NO.429,CryBusThan,242.0619%,Not Sharing,Follow
NO.430,RoundDepartmentGlad,241.9687%,Not Sharing,Follow
NO.431,CircleAppleBasketball,241.9111%,Not Sharing,Follow
NO.432,ThirteenBadmintonTeach,241.7857%,Not Sharing,Follow
NO.433,BadBrownTidy,241.4515%,Not Sharing,Follow
NO.434,AirplaneTopUniform,241.2069%,Not Sharing,Follow
NO.435,AirportThirstyBad,240.6391%,Not Sharing,Follow
NO.436,BehindTomatoTell,240.3343%,Not Sharing,Follow
NO.437,ChickenClassmateCloudy,239.7679%,Not Sharing,Follow
NO.438,ConvenientGramTime,239.6418%,Not Sharing,Follow
NO.439,GardenAppearBe,239.4746%,Not Sharing,Follow
NO.440,BabyBecomeCheat,238.8329%,Not Sharing,Follow
NO.441,YardSurfBowl,238.3426%,Not Sharing,Follow
NO.442,SummerClockSwim,238.2795%,Not Sharing,Follow
NO.443,BlindBoatWish,238.1963%,Not Sharing,Follow
NO.444,DaughterTeaAfraid,237.9481%,Not Sharing,Follow
NO.445,WinterBelowCoke,237.8428%,Not Sharing,Follow
NO.446,HalfSunHappy,237.5231%,Not Sharing,Follow
NO.447,GlassDaughterDepartment,237.4602%,Not Sharing,Follow
NO.448,BothBakeryBlind,236.2804%,Not Sharing,Follow
NO.449,CaseBenchTeenager,236.0582%,Not Sharing,Follow
NO.450,ChocolateBlindThirsty,236.0145%,Not Sharing,Follow
NO.451,WantCombSnowy,235.9092%,Not Sharing,Follow
NO.452,CowYellowBoring,235.8513%,Not Sharing,Follow
NO.453,CostSupermarketClassroom,235.4209%,Not Sharing,Follow
NO.454,TennisBathAppear,234.7432%,Not Sharing,Follow
NO.455,GameMeetBench,234.0534%,Not Sharing,Follow
NO.456,TouchWhichGo,233.5976%,Not Sharing,Follow
NO.457,AheadTodayBy,233.3549%,Not Sharing,Follow
NO.458,UntilBunChess,233.3519%,Not Sharing,Follow
NO.459,ThirteenWarmBug,233.2707%,Not Sharing,Follow
NO.460,RopeTomatoCentimeter,232.6463%,Not Sharing,Follow
NO.461,AlwaysVestThrow,232.3520%,Not Sharing,Follow
NO.462,AbroadCryCrazy,232.0028%,Not Sharing,Follow
NO.463,DaughterMeanBath,231.9659%,Not Sharing,Follow
NO.464,LuckyClapStupid,230.9942%,Not Sharing,Follow
NO.465,ChurchToeBirthday,230.9054%,Not Sharing,Follow
NO.466,ChopsticksStayGroup,230.6239%,Not Sharing,Follow
NO.467,GooseWaiterBelong,230.3198%,Not Sharing,Follow
NO.468,AcrossAutumnThirsty,230.0442%,Not Sharing,Follow
NO.469,ThroatBasketMan,229.7212%,Not Sharing,Follow
NO.470,AngryCoffeeBed,229.6962%,Not Sharing,Follow
NO.471,MilkChessAbroad,229.0919%,Not Sharing,Follow
NO.472,DepartmentAnimalGoose,228.8824%,Not Sharing,Follow
NO.473,BunGarbageBody,228.4569%,Not Sharing,Follow
NO.474,CoverThirtyVacation,227.7367%,Not Sharing,Follow
NO.475,SunMarkDangerous,227.6772%,Not Sharing,Follow
NO.476,MarkToolGym,227.0747%,Not Sharing,Follow
NO.477,BenchCrossBookstore,226.8269%,Not Sharing,Follow
NO.478,AppearAnimalClose,226.7851%,Not Sharing,Follow
NO.479,BarbecueArmMatter,226.3687%,Not Sharing,Follow
NO.480,GarbageUseComic,226.2955%,Not Sharing,Follow
NO.481,ButterflyCandleTeach,226.2281%,Not Sharing,Follow
NO.482,GiftTonightTown,226.0018%,Not Sharing,Follow
NO.483,BobbyAxelord,225.1023%,Not Sharing,Follow
NO.484,BatDozenTaste,224.6195%,Not Sharing,Follow
NO.485,WorkHandBreak,224.5839%,Not Sharing,Follow
NO.486,GramMeetingChess,224.2400%,Not Sharing,Follow
NO.487,ToeCheapBusiness,223.8158%,Not Sharing,Follow
NO.488,AutumnUnhappyWise,223.8153%,Not Sharing,Follow
NO.489,YearBusyBathroom,223.6397%,Not Sharing,Follow
NO.490,BandAlongCost,223.3430%,Not Sharing,Follow
NO.491,BreakfastMilkBridge,222.9790%,Not Sharing,Follow
NO.492,BrightWelcomeAutumn,222.8301%,Not Sharing,Follow
NO.493,MathCouchBench,222.7108%,Not Sharing,Follow
NO.494,BabyThankWest,222.3336%,Not Sharing,Follow
NO.495,VacationMinuteCoke,222.1651%,Not Sharing,Follow
NO.496,WelcomeTellTrain,222.0808%,Not Sharing,Follow
NO.497,BottomMeetingTenth,221.9822%,Not Sharing,Follow
NO.498,CokeClapBoy,221.6632%,Not Sharing,Follow
NO.499,GreatBlindMeat,221.5504%,Not Sharing,Follow
NO.500,CaseCloseShare,221.1485%,Not Sharing,Follow
